名詞(複合語),(回数),形容詞,(回数),動詞,(回数),副詞,(回数),連体詞,(回数),接続詞,(回数)
肌,2351,安い,1022,する,1916,しっとり,313,この,24,また,38,
ところ,1771,良い,958,ある,1454,よく,310,同じ,24,てか,9,
カバー力,785,いい,799,合う,700,特に,239,その,17,しかも,9,
自然,726,よい,739,なる,682,しっかり,145,どの,6,でも,8,
色,685,ない,708,使う,551,とても,124,いろんな,4,そして,6,
伸び,602,細かい,292,のびる,530,あまり,89,色んな,3,又,4,
感じ,484,軽い,200,なじむ,411,さらさら,84,そんな,3,ただ,3,
自分,469,少ない,197,できる,345,ずっと,59,どんな,2,それでいて,3,
値段,450,優しい,177,見える,311,サラサラ,44,大きな,1,かつ,2,
価格,426,薄い,130,崩れる,260,なんとなく,42,あの,1,が,2,
仕上がり,414,やさしい,123,気に入る,260,さっぱり,42,ほんの,1,ないし,2,
きれい,385,かわいい,113,仕上がる,256,ぴったり,39,そういう,1,だから,1,
こと,331,高い,99,つく,247,とくに,34,おなじ,1,それなのに,1,
薄付き,276,無い,87,つける,245,まあ,33,,,ちなみに,1,
の,260,強い,86,くずれる,186,ちょうど,32,,,しかし,1,
毛穴,249,うすい,86,使える,186,少し,29,,,ところが,1,
透明感,227,可愛い,67,入る,169,比較的,24,,,実は,1,
手ごろ,209,きめ細かい,60,さらう,166,すぐ,24,,,だけど,1,
綺麗,192,明るい,57,塗る,163,結構,21,,,まずは,1,
カバー,192,近い,53,伸びる,127,いつも,20,,,なので,1,
好き,192,すごい,36,目立つ,126,とにかく,17,,,それから,1,
のり,191,弱い,32,買える,117,何となく,17,,,尚,1,
無添加,164,白い,32,きめる,112,かなり,16,,,,,
ファンデーション,160,厚ぼったい,32,思う,100,すっと,16,,,,,
化粧崩れ,158,きつい,30,出来る,83,キラキラ,16,,,,,
付け心地,158,多い,25,馴染む,81,さらり,15,,,,,
リキッド,151,厚い,25,持つ,80,ほとんど,14,,,,,
無香料,151,悪い,22,出る,78,きちんと,14,,,,,
ナチュラル,149,易い,20,付く,77,ちゃんと,13,,,,,
ケース,149,やすい,17,買う,77,べたべた,11,,,,,
所,145,汚い,17,湿る,77,ベタベタ,11,,,,,
薄づき,144,かゆい,16,落ちる,74,そんなに,10,,,,,
手頃,141,重い,15,荒れる,73,別に,10,,,,,
つき,137,濃い,15,づく,71,いかにも,9,,,,,
粉,135,小さい,15,くすむ,68,ある程度,9,,,,,
化粧,134,長い,14,あう,65,そこそこ,9,,,,,
粒子,131,臭い,13,キメる,56,まだ,8,,,,,
よう,120,痒い,13,べたつく,53,色々,8,,,,,
安心,113,こまかい,12,みえる,53,ピッタリ,8,,,,,
使用,112,大きい,12,でる,52,初めて,7,,,,,
気,111,イイ,11,隠れる,51,ふわっと,7,,,,,
つけ心地,110,気持ちいい,10,浮く,49,なかなか,7,,,,,
厚塗り,108,程よい,10,隠せる,49,多少,7,,,,,
負担,96,柔らかい,10,付ける,48,さっと,7,,,,,
ノリ,95,にくい,9,隠す,41,きらきら,7,,,,,
汗,93,新しい,7,いる,40,それほど,7,,,,,
手軽,93,すい,7,売る,39,とっても,7,,,,,
肌色,89,うまい,6,感じる,37,いろいろ,7,,,,,
ムラ,86,キメ細かい,6,塗れる,36,あんまり,6,,,,,
乾燥,84,早い,6,よれる,36,全く,6,,,,,
パウダー,84,赤い,6,かく,36,ふんわり,6,,,,,
購入,83,黒い,6,経つ,33,良く,5,,,,,
素肌,83,息苦しい,6,優れる,31,より,5,,,,,
敏感肌,83,きめこまかい,6,使い慣れる,29,たっぷり,5,,,,,
安価,81,やわらかい,6,見せる,29,そのまま,5,,,,,
デザイン,81,くい,6,ぬれる,27,何より,4,,,,,
私,80,気持ち良い,5,かぶれる,27,必ず,4,,,,,
保,78,美しい,5,いう,26,もともと,4,,,,,
水,76,ものすごい,5,気にいる,25,ずーっと,4,,,,,
匂い,75,心地よい,5,べとつく,24,かさかさ,4,,,,,
もの,73,重たい,4,ぬる,24,しっくり,4,,,,,
使い心地,73,手早い,4,たつ,24,すーっ,4,,,,,
さ,71,みずみずしい,4,しあがる,23,なんと,4,,,,,
肌荒れ,70,嬉しい,4,すむ,21,ちょっと,4,,,,,
コンパクト,68,楽しい,3,かかる,21,一度,4,,,,,
香り,68,気持ちよい,3,なれる,20,まず,4,,,,,
少量,67,かわいらしい,3,作る,20,丁度,4,,,,,
点,67,手軽い,3,選ぶ,20,つやつや,3,,,,,
リキッドタイプ,65,くさい,3,試す,18,サラリと,3,,,,,
簡単,63,かるい,3,違う,18,沢山,3,,,,,
成分,63,つよい,3,わかる,18,まったく,3,,,,,
感,62,ほどよい,3,言う,18,ひんやり,3,,,,,
もち,62,白っぽい,3,のる,18,実際,3,,,,,
キレイ,60,暑い,3,つかう,17,ぴたっと,3,,,,,
品質,59,欲しい,3,選べる,17,すっきり,3,,,,,
フィット,57,丸い,2,消える,17,べったり,3,,,,,
割,57,あつい,2,うすずく,16,意外と,3,,,,,
事,56,苦しい,2,着ける,16,たまたま,3,,,,,
付き,54,硬い,2,防ぐ,16,やはり,3,,,,,
使用感,53,あかるい,2,含む,16,やっぱり,3,,,,,
むら,53,若い,2,変える,15,スーッ,3,,,,,
わり,52,暗い,2,重ねる,15,本当に,3,,,,,
香料,51,暑苦しい,2,済む,13,まあだ,2,,,,,
長時間,51,おおい,2,合わせる,13,こってり,2,,,,,
しみ,49,こい,2,みせる,12,余り,2,,,,,
手,49,ひどい,2,落とす,12,ベッタリ,2,,,,,
シミ,49,痛い,2,かんじる,12,そう,2,,,,,
低価格,48,安っぽい,2,潤う,12,すべすべ,2,,,,,
時,47,好い,2,勧める,11,なんとも,2,,,,,
色味,47,てがるい,2,くる,11,とりあえず,2,,,,,
長持ち,46,うい,2,光る,11,ごく,2,,,,,
発色,46,ちかい,2,はいる,11,ピタッ,2,,,,,
一番,46,あつぼったい,2,吸う,11,パサパサ,2,,,,,
時間,46,かっこよい,2,詰め替える,11,一応,2,,,,,
刺激,45,しつこい,1,有る,11,大抵,2,,,,,
他,44,すばらしい,1,見る,11,最も,2,,,,,
パッケージ,43,たかい,1,変わる,11,後で,2,,,,,
UVカット,43,素早い,1,乗る,10,全然,2,,,,,
におい,42,おおきい,1,あり,10,けっこう,2,,,,,
メーカー,42,もったいない,1,比べる,9,やっと,2,,,,,
割り,41,脂っこい,1,着く,9,ほぼ,2,,,,,
顔,40,うるさい,1,整う,9,もう,2,,,,,
通販,38,わるい,1,抑える,9,やや,2,,,,,
肌質,38,なにげない,1,ふく,9,また,2,,,,,
化粧直し,38,とてつもない,1,行く,8,何とも,2,,,,,
効果,38,見苦しい,1,かける,8,ふわふわ,2,,,,,
力,38,煩わしい,1,めだつ,8,つい,2,,,,,
とき,37,酷い,1,汚れる,8,すんなり,2,,,,,
色合い,36,うれしい,1,かりる,8,パッ,2,,,,,
フィット感,36,いたい,1,作れる,8,なおかつ,2,,,,,
コンビニ,35,すくない,1,入れる,8,まるで,2,,,,,
美白効果,35,つらい,1,ベタつく,8,バッチリ,2,,,,,
マット,34,黄色い,1,色づく,8,どう,2,,,,,
サラッ,34,すばやい,1,なくなる,8,するする,1,,,,,
なめらか,33,赤黒い,1,おさえる,7,もって,1,,,,,
ブランド,33,水っぽい,1,もつ,7,時々,1,,,,,
商品,33,分厚い,1,おちる,7,もう少し,1,,,,,
なじみ,33,恥ずかしい,1,落とせる,7,ふつう,1,,,,,
感触,32,輝かしい,1,押さえる,7,中でも,1,,,,,
下地,31,細い,1,もらう,7,大して,1,,,,,
お手ごろ,31,可愛らしい,1,出せる,6,ヒリヒリ,1,,,,,
化粧のり,31,こわい,1,扱う,6,うっすら,1,,,,,
オイルフリー,31,よわい,1,続く,6,もちろん,1,,,,,
気軽,30,大人しい,1,あわせる,6,そのうえ,1,,,,,
美容液,30,たのしい,1,薦める,6,かく,1,,,,,
後,30,ほしい,1,あがる,6,いまいち,1,,,,,
便利,30,きたない,1,起こす,6,てかてか,1,,,,,
これ,30,かっこいい,1,つるむ,6,もち,1,,,,,
トラブル,30,ぬくい,1,分かれる,6,いっぱい,1,,,,,
肌なじみ,29,厳しい,1,伸ばす,6,ピリピリ,1,,,,,
ＵＶカット,29,しろい,1,うく,6,ツルツル,1,,,,,
今,29,怖い,1,割れる,6,さほど,1,,,,,
とこ,29,わざとらしい,1,かさばる,5,ぴりぴり,1,,,,,
すき,28,短い,1,防げる,5,もっと,1,,,,,
シンプル,28,冷たい,1,うるおう,5,とくべつ,1,,,,,
量,27,難しい,1,みる,5,次々,1,,,,,
紫外線,27,ありがたい,1,忘れる,5,残らず,1,,,,,
質感,27,力強い,1,すすめる,5,それだけ,1,,,,,
CM,26,ここちよい,1,よる,5,べとべと,1,,,,,
乾燥肌,26,,,もらえる,5,思わず,1,,,,,
どこ,26,,,とれる,5,共に,1,,,,,
化粧品,26,,,妨げる,5,ぐんと,1,,,,,
オールシーズン,26,,,かくす,5,しゃきっと,1,,,,,
テカリ,26,,,使い分ける,5,たまに,1,,,,,
ファン,26,,,乗せる,5,ザラザラ,1,,,,,
敏感肌用,26,,,出す,5,充分,1,,,,,
豊富,25,,,惹く,5,だいたい,1,,,,,
容器,25,,,分かる,5,こう,1,,,,,
安全,24,,,かくれる,5,なるべく,1,,,,,
日焼け止め効果,24,,,問う,5,ついつい,1,,,,,
リキッドファンデーション,24,,,すぐれる,5,スルスル,1,,,,,
方,24,,,仕上げる,5,満遍なく,1,,,,,
ため,23,,,要る,5,くっきり,1,,,,,
厚化粧,22,,,助かる,5,いちいち,1,,,,,
低刺激,22,,,持ち歩く,5,いままで,1,,,,,
添加物,22,,,考える,4,サッと,1,,,,,
皮脂,22,,,知る,4,別途,1,,,,,
クリームタイプ,22,,,つくす,4,同時に,1,,,,,
質,22,,,あれる,4,ぴんと,1,,,,,
つや,22,,,保てる,4,恐らく,1,,,,,
カラー,21,,,のせる,4,少々,1,,,,,
ドラッグストア,21,,,取れる,4,只,1,,,,,
ＣＭ,20,,,やる,4,わざわざ,1,,,,,
薄つき,20,,,起こる,4,みるみる,1,,,,,
ＵＶ効果,20,,,効く,4,常に,1,,,,,
つけごこち,19,,,進める,4,きっちり,1,,,,,
メイク,19,,,しみる,4,殆ど,1,,,,,
上,19,,,張り付く,4,こっくり,1,,,,,
潤い,19,,,触れる,4,何とか,1,,,,,
昔,19,,,聞く,4,ふわり,1,,,,,
長年,18,,,終わる,4,あえて,1,,,,,
高級感,18,,,起きる,4,且つ,1,,,,,
心地,18,,,ぱさつく,4,できるだけ,1,,,,,
顔色,18,,,輝く,4,もしも,1,,,,,
以前,18,,,置く,4,わりに,1,,,,,
薄,18,,,減る,4,しいて,1,,,,,
滑らか,18,,,もてる,3,なぜ,1,,,,,
そう,17,,,慣れる,3,ねっとり,1,,,,,
パール,17,,,負ける,3,ほほ,1,,,,,
お手頃,17,,,引き締まる,3,どうしても,1,,,,,
適度,17,,,残る,3,一見,1,,,,,
そばかす,17,,,急ぐ,3,もさっと,1,,,,,
密着,17,,,出かける,3,案外,1,,,,,
素肌感,17,,,かねる,3,ほんのり,1,,,,,
にきび,16,,,延びる,3,これから,1,,,,,
お肌,16,,,止める,3,さらに,1,,,,,
お手ごろ価格,16,,,かくせる,3,どんなに,1,,,,,
ニキビ,16,,,兼ねる,3,直ぐに,1,,,,,
信頼,16,,,おもう,3,きちっと,1,,,,,
楽,16,,,伸ばせる,3,はっきり,1,,,,,
パフ,16,,,与える,3,,,,,,,
資生堂,16,,,落ち着く,3,,,,,,,
安心感,15,,,のばす,3,,,,,,,
スーパー,15,,,おく,3,,,,,,,
油,15,,,探す,3,,,,,,,
人,15,,,くう,3,,,,,,,
あと,15,,,とる,3,,,,,,,
愛用,15,,,無くなる,3,,,,,,,
大丈夫,15,,,うつる,3,,,,,,,
見た目,15,,,ちる,3,,,,,,,
油分,15,,,来る,3,,,,,,,
薄付,15,,,いく,3,,,,,,,
天然成分,15,,,求める,3,,,,,,,
サラサラ感,15,,,広がる,3,,,,,,,
種類,14,,,揃える,3,,,,,,,
一緒,14,,,守る,3,,,,,,,
かさ,14,,,仕上る,3,,,,,,,
リーズナブル,14,,,つかえる,3,,,,,,,
さそう,14,,,試せる,3,,,,,,,
不使用,14,,,のばせる,3,,,,,,,
使い,14,,,揃う,3,,,,,,,
白,14,,,取る,3,,,,,,,
イメージ,14,,,疲れる,3,,,,,,,
光,14,,,併せる,3,,,,,,,
肌トラブル,14,,,使い切る,2,,,,,,,
夏,14,,,なつく,2,,,,,,,
化粧水,13,,,かわる,2,,,,,,,
化粧持ち,13,,,分る,2,,,,,,,
それ,13,,,そろえる,2,,,,,,,
季節,13,,,ついてる,2,,,,,,,
普通,13,,,乾く,2,,,,,,,
中,13,,,洗う,2,,,,,,,
日焼け止め,13,,,かえる,2,,,,,,,
日焼け,13,,,書く,2,,,,,,,
皮膚呼吸,13,,,けす,2,,,,,,,
しっとり感,12,,,買い換える,2,,,,,,,
つけ,12,,,そろう,2,,,,,,,
金額,12,,,擦る,2,,,,,,,
ノビ,12,,,適す,2,,,,,,,
パウダータイプ,12,,,解る,2,,,,,,,
延び,12,,,ます,2,,,,,,,
持続,12,,,混じる,2,,,,,,,
夏用,12,,,決める,2,,,,,,,
ラメ,12,,,思える,2,,,,,,,
ごち,12,,,吹く,2,,,,,,,
たくさん,12,,,果たす,2,,,,,,,
基礎化粧品,12,,,信じる,2,,,,,,,
紫外線対策,12,,,掛かる,2,,,,,,,
違和感,11,,,おこす,2,,,,,,,
ツヤ感,11,,,なでる,2,,,,,,,
臭い,11,,,流す,2,,,,,,,
UV,11,,,はがれる,2,,,,,,,
機能,11,,,続ける,2,,,,,,,
美白,11,,,こだわる,2,,,,,,,
調子,11,,,寝る,2,,,,,,,
オイルカット,11,,,飽きる,2,,,,,,,
紫外線カット,11,,,引く,2,,,,,,,
物,11,,,かかわる,2,,,,,,,
一年中,11,,,はたく,2,,,,,,,
おしゃれ,11,,,つくる,2,,,,,,,
自然派化粧品,10,,,焼ける,2,,,,,,,
両方,10,,,当たる,2,,,,,,,
ツヤ,10,,,かう,2,,,,,,,
サンプル,10,,,消す,2,,,,,,,
形,10,,,なす,2,,,,,,,
ナチュラル感,10,,,かす,2,,,,,,,
ファンデ,10,,,つくれる,2,,,,,,,
赤ちゃん,10,,,溶ける,2,,,,,,,
肌触り,10,,,消せる,2,,,,,,,
配合,10,,,貰う,2,,,,,,,
ん,10,,,載る,2,,,,,,,
近く,10,,,取り扱う,2,,,,,,,
クリーム状,10,,,直す,2,,,,,,,
気持ち,10,,,言える,2,,,,,,,
原料,10,,,映える,2,,,,,,,
カバ,10,,,触る,2,,,,,,,
いつ,10,,,すく,2,,,,,,,
自然化粧品,10,,,出来上がる,2,,,,,,,
スポンジ,10,,,劣る,2,,,,,,,
評判,10,,,頂く,2,,,,,,,
具合,10,,,いろづく,1,,,,,,,
製品,10,,,入れ替える,1,,,,,,,
素肌感覚,10,,,届く,1,,,,,,,
赤み,10,,,酔う,1,,,,,,,
手間,10,,,だせる,1,,,,,,,
テカら,10,,,おう,1,,,,,,,
使い勝手,10,,,上がる,1,,,,,,,
圧迫感,9,,,きせる,1,,,,,,,
用,9,,,くける,1,,,,,,,
夏場,9,,,持ち歩ける,1,,,,,,,
指定成分,9,,,にじむ,1,,,,,,,
併用,9,,,ふせげる,1,,,,,,,
無油分,9,,,噴く,1,,,,,,,
ＵＶケア,9,,,頼る,1,,,,,,,
べたつき,9,,,頑張る,1,,,,,,,
問題,9,,,目だつ,1,,,,,,,
化粧もち,9,,,足りる,1,,,,,,,
パクト,9,,,叩く,1,,,,,,,
お手頃価格,9,,,撮る,1,,,,,,,
ＵＶカット効果,9,,,わく,1,,,,,,,
自然派,9,,,直せる,1,,,,,,,
スキンケア,9,,,遣う,1,,,,,,,
状態,9,,,ささる,1,,,,,,,
馴染み,9,,,凝る,1,,,,,,,
ウォータープルーフ,9,,,持ち合わせる,1,,,,,,,
カワイイ,9,,,収まる,1,,,,,,,
対応,9,,,つる,1,,,,,,,
鏡,9,,,とりだす,1,,,,,,,
色目,9,,,ほてる,1,,,,,,,
UVカット効果,9,,,さえる,1,,,,,,,
店員さん,9,,,痛む,1,,,,,,,
UV効果,9,,,通じる,1,,,,,,,
リフィル,9,,,省ける,1,,,,,,,
ニキビ肌,8,,,わる,1,,,,,,,
パウダーファンデーション,8,,,買い求める,1,,,,,,,
無添加化粧品,8,,,塞ぐ,1,,,,,,,
お店,8,,,まとまる,1,,,,,,,
素材,8,,,押す,1,,,,,,,
お気に入り,8,,,ねる,1,,,,,,,
持ち運び,8,,,滲む,1,,,,,,,
塗り心地,8,,,生かす,1,,,,,,,
しわ,8,,,汚す,1,,,,,,,
適当,8,,,きれる,1,,,,,,,
シリーズ,8,,,たどり着く,1,,,,,,,
敏感,8,,,楽しめる,1,,,,,,,
クリーム,8,,,悩む,1,,,,,,,
有名,8,,,行き渡る,1,,,,,,,
コーセー,8,,,通う,1,,,,,,,
必要,8,,,すべる,1,,,,,,,
コンパクトケース,8,,,含める,1,,,,,,,
素顔,8,,,おちつく,1,,,,,,,
ノンオイル,8,,,ぼかす,1,,,,,,,
近所,8,,,押える,1,,,,,,,
細やか,8,,,ぼる,1,,,,,,,
パッケージデザイン,8,,,ためす,1,,,,,,,
ツキ,8,,,いえる,1,,,,,,,
呼吸,8,,,埋める,1,,,,,,,
薄化粧,8,,,はやる,1,,,,,,,
テカ,8,,,とぶ,1,,,,,,,
入れ物,8,,,あせる,1,,,,,,,
アトピー,8,,,おとす,1,,,,,,,
光沢,8,,,壊れる,1,,,,,,,
皮膚,8,,,ひろがる,1,,,,,,,
スー,8,,,返せる,1,,,,,,,
通信販売,8,,,写る,1,,,,,,,
両用,8,,,はなつ,1,,,,,,,
天然素材,8,,,見合う,1,,,,,,,
一切,7,,,着せる,1,,,,,,,
すべすべ,7,,,癒す,1,,,,,,,
無臭,7,,,火照る,1,,,,,,,
バリエーション,7,,,乗り換える,1,,,,,,,
毎回,7,,,栄える,1,,,,,,,
それなり,7,,,組む,1,,,,,,,
部分,7,,,もたつく,1,,,,,,,
他の,7,,,しれる,1,,,,,,,
スティックタイプ,7,,,貰える,1,,,,,,,
抜群,7,,,そむ,1,,,,,,,
体,7,,,見かける,1,,,,,,,
ネット,7,,,あつかう,1,,,,,,,
為,7,,,見つかる,1,,,,,,,
全体,7,,,足す,1,,,,,,,
利用,7,,,散る,1,,,,,,,
店頭,7,,,残す,1,,,,,,,
肌理,7,,,送る,1,,,,,,,
サラ,7,,,増える,1,,,,,,,
試供品,7,,,ぶる,1,,,,,,,
酸化,7,,,弱る,1,,,,,,,
液体,7,,,至る,1,,,,,,,
パウダリー,7,,,拭く,1,,,,,,,
乳液,7,,,読む,1,,,,,,,
両用タイプ,7,,,いかる,1,,,,,,,
店,7,,,はぶける,1,,,,,,,
パサ,6,,,みつかる,1,,,,,,,
ケースデザイン,6,,,通す,1,,,,,,,
微粒子,6,,,居る,1,,,,,,,
塗り,6,,,はげる,1,,,,,,,
高品質,6,,,なめる,1,,,,,,,
全て,6,,,受ける,1,,,,,,,
せい,6,,,ただれる,1,,,,,,,
石鹸,6,,,教える,1,,,,,,,
使いごこち,6,,,濡れる,1,,,,,,,
非常,6,,,捨てる,1,,,,,,,
カット,6,,,ひらく,1,,,,,,,
サイズ,6,,,戻す,1,,,,,,,
厚付き,6,,,調べる,1,,,,,,,
トリートメント効果,6,,,取り寄せる,1,,,,,,,
洗顔,6,,,会う,1,,,,,,,
普段,6,,,褒める,1,,,,,,,
美容液成分,6,,,付け上がる,1,,,,,,,
カネボウ,6,,,しとる,1,,,,,,,
何年,6,,,しのぶ,1,,,,,,,
スキンケア効果,6,,,よじれる,1,,,,,,,
ナチュラルメイク,6,,,このむ,1,,,,,,,
ソバカス,6,,,はる,1,,,,,,,
ところ肌,6,,,上回る,1,,,,,,,
可,6,,,生まれる,1,,,,,,,
動物実験,6,,,うつ,1,,,,,,,
経済的,6,,,あぶる,1,,,,,,,
最後,6,,,際だつ,1,,,,,,,
脂,6,,,ゆるめる,1,,,,,,,
前,6,,,置ける,1,,,,,,,
わけ,6,,,たまる,1,,,,,,,
割引,6,,,ひんす,1,,,,,,,
処方,6,,,とどける,1,,,,,,,
仕上げ,6,,,ほめる,1,,,,,,,
インターネット,6,,,ふれる,1,,,,,,,
ピンク,6,,,なくす,1,,,,,,,
毛穴落ち,6,,,いたむ,1,,,,,,,
アレルギー,6,,,ふせぐ,1,,,,,,,
プッシュ式,6,,,いいつける,1,,,,,,,
お値段,6,,,抱く,1,,,,,,,
お化粧,6,,,濡らす,1,,,,,,,
色白,6,,,ふる,1,,,,,,,
感覚,6,,,ぬう,1,,,,,,,
仕上がり感,6,,,蘇る,1,,,,,,,
販売員,6,,,つつく,1,,,,,,,
不可,6,,,勤める,1,,,,,,,
無難,6,,,いてる,1,,,,,,,
ツーウェイ,5,,,混ぜる,1,,,,,,,
水ファンデーション,5,,,しゃれる,1,,,,,,,
余分,5,,,うたう,1,,,,,,,
格安,5,,,洗い流せる,1,,,,,,,
無鉱物油,5,,,かさ張る,1,,,,,,,
色むら,5,,,つかいわける,1,,,,,,,
カーバー力,5,,,おきる,1,,,,,,,
友人,5,,,関わる,1,,,,,,,
美容液入り,5,,,こぐ,1,,,,,,,
女優肌,5,,,迷う,1,,,,,,,
ＳＰＦ,5,,,謳う,1,,,,,,,
印象,5,,,持ち運ぶ,1,,,,,,,
小じわ,5,,,まとめる,1,,,,,,,
相性,5,,,洗い落とせる,1,,,,,,,
ゾーン用,5,,,ひび割れる,1,,,,,,,
密着度,5,,,行う,1,,,,,,,
コストパフォーマンス,5,,,あふれる,1,,,,,,,
顔全体,5,,,写す,1,,,,,,,
宣伝,5,,,ゆすぐ,1,,,,,,,
無香,5,,,移る,1,,,,,,,
最適,5,,,流れる,1,,,,,,,
艶,5,,,くれる,1,,,,,,,
無着色,5,,,こまる,1,,,,,,,
満足,5,,,とけこむ,1,,,,,,,
ファンケル,5,,,赤みがかる,1,,,,,,,
モノ,5,,,ひきたつ,1,,,,,,,
どちら,5,,,ほる,1,,,,,,,
保湿性,5,,,整える,1,,,,,,,
アトピー肌,5,,,いける,1,,,,,,,
健康的,5,,,彫る,1,,,,,,,
大人,5,,,踏む,1,,,,,,,
界面活性剤,5,,,持てる,1,,,,,,,
短時間,5,,,磨く,1,,,,,,,
｡,5,,,のっかる,1,,,,,,,
セット,5,,,決まる,1,,,,,,,
夕方,5,,,湿す,1,,,,,,,
美容液効果,5,,,治す,1,,,,,,,
ＵＶ,5,,,いただく,1,,,,,,,
周り,5,,,薄める,1,,,,,,,
びがいいところ,5,,,かわく,1,,,,,,,
天然,5,,,頼む,1,,,,,,,
服,5,,,点く,1,,,,,,,
乗り,5,,,感ずる,1,,,,,,,
価格的,5,,,困る,1,,,,,,,
すべて,5,,,話す,1,,,,,,,
ヨレ,5,,,まもる,1,,,,,,,
さら,5,,,ふくむ,1,,,,,,,
お手軽,5,,,すくう,1,,,,,,,
厚塗り感,5,,,掛ける,1,,,,,,,
タイプ,5,,,脂ぎる,1,,,,,,,
ボトル,5,,,耐える,1,,,,,,,
生協,5,,,盛り込む,1,,,,,,,
年齢,5,,,ととのう,1,,,,,,,
化粧ノリ,5,,,ずる,1,,,,,,,
ムース状,5,,,引き出す,1,,,,,,,
粉浮き,5,,,すませる,1,,,,,,,
間,5,,,振る,1,,,,,,,
ー,5,,,見つける,1,,,,,,,
変,5,,,ちがう,1,,,,,,,
かん,5,,,成る,1,,,,,,,
ブランドイメージ,5,,,かる,1,,,,,,,
均一,5,,,帰る,1,,,,,,,
OK,4,,,におう,1,,,,,,,
不要,4,,,こむ,1,,,,,,,
ベース,4,,,向く,1,,,,,,,
サッパリ,4,,,つられる,1,,,,,,,
新商品,4,,,塗りたくる,1,,,,,,,
子供,4,,,見付ける,1,,,,,,,
しみそばかす,4,,,つかる,1,,,,,,,
かゆみ,4,,,すう,1,,,,,,,
ｶﾊﾞｰ力,4,,,づける,1,,,,,,,
吸収,4,,,死ぬ,1,,,,,,,
ところ｡,4,,,被れる,1,,,,,,,
反射,4,,,べた付く,1,,,,,,,
化粧品独特,4,,,きえる,1,,,,,,,
コスパ,4,,,保つ,1,,,,,,,
薄付け,4,,,落ちつく,1,,,,,,,
てごろ,4,,,やわらげる,1,,,,,,,
日焼け防止,4,,,跳ね返す,1,,,,,,,
大変,4,,,,,,,,,,,
シャネル,4,,,,,,,,,,,
ケア,4,,,,,,,,,,,
余計,4,,,,,,,,,,,
パウダーファンデ,4,,,,,,,,,,,
一日,4,,,,,,,,,,,
有名ブランド,4,,,,,,,,,,,
値ごろ感,4,,,,,,,,,,,
一回,4,,,,,,,,,,,
気分,4,,,,,,,,,,,
鉱物油,4,,,,,,,,,,,
石油系,4,,,,,,,,,,,
期待,4,,,,,,,,,,,
水性,4,,,,,,,,,,,
美容成分,4,,,,,,,,,,,
嫌,4,,,,,,,,,,,
脂性,4,,,,,,,,,,,
唯一,4,,,,,,,,,,,
お手軽価格,4,,,,,,,,,,,
好み,4,,,,,,,,,,,
付,4,,,,,,,,,,,
ポーチ,4,,,,,,,,,,,
スティック,4,,,,,,,,,,,
最近,4,,,,,,,,,,,
口コミ,4,,,,,,,,,,,
薄塗り,4,,,,,,,,,,,
マッチ,4,,,,,,,,,,,
リキッドファンデ,4,,,,,,,,,,,
肌付き,4,,,,,,,,,,,
凹凸,4,,,,,,,,,,,
カサカサ,4,,,,,,,,,,,
毎日,4,,,,,,,,,,,
矢田亜希子,4,,,,,,,,,,,
自然素材,4,,,,,,,,,,,
立体的,4,,,,,,,,,,,
頬ずり,4,,,,,,,,,,,
化粧浮き,4,,,,,,,,,,,
水溶性,4,,,,,,,,,,,
崩れ,4,,,,,,,,,,,
親切,4,,,,,,,,,,,
立体感,4,,,,,,,,,,,
感想,4,,,,,,,,,,,
つや肌,4,,,,,,,,,,,
ツヤ肌,4,,,,,,,,,,,
雰囲気,4,,,,,,,,,,,
注文,4,,,,,,,,,,,
薄好き,4,,,,,,,,,,,
キャンペーン,4,,,,,,,,,,,
調整,4,,,,,,,,,,,
的,4,,,,,,,,,,,
ここ,4,,,,,,,,,,,
何処,4,,,,,,,,,,,
ブランド自体,4,,,,,,,,,,,
調節,4,,,,,,,,,,,
会社,4,,,,,,,,,,,
自然体,4,,,,,,,,,,,
頻繁,4,,,,,,,,,,,
クリニーク,4,,,,,,,,,,,
日,4,,,,,,,,,,,
つや感,4,,,,,,,,,,,
化粧落ち,4,,,,,,,,,,,
１番,4,,,,,,,,,,,
比較,4,,,,,,,,,,,
回数,4,,,,,,,,,,,
毛穴カバー,4,,,,,,,,,,,
化粧乗り,4,,,,,,,,,,,
きめ細か,4,,,,,,,,,,,
入手,4,,,,,,,,,,,
ところ色,4,,,,,,,,,,,
ほう,3,,,,,,,,,,,
艶肌,3,,,,,,,,,,,
まま,3,,,,,,,,,,,
アラ,3,,,,,,,,,,,
オークル,3,,,,,,,,,,,
内容,3,,,,,,,,,,,
一度,3,,,,,,,,,,,
皮膚科,3,,,,,,,,,,,
目,3,,,,,,,,,,,
今回,3,,,,,,,,,,,
お化粧直し,3,,,,,,,,,,,
嫌い,3,,,,,,,,,,,
ＳＰＦ値,3,,,,,,,,,,,
際,3,,,,,,,,,,,
詰め替え,3,,,,,,,,,,,
企業,3,,,,,,,,,,,
レイシャス,3,,,,,,,,,,,
クレンジング,3,,,,,,,,,,,
紫外線防止効果,3,,,,,,,,,,,
ほお,3,,,,,,,,,,,
一年,3,,,,,,,,,,,
塗りむら,3,,,,,,,,,,,
バランス,3,,,,,,,,,,,
保存料,3,,,,,,,,,,,
表情,3,,,,,,,,,,,
タッチ,3,,,,,,,,,,,
圧塗り,3,,,,,,,,,,,
調合,3,,,,,,,,,,,
スル,3,,,,,,,,,,,
有害物質,3,,,,,,,,,,,
身体,3,,,,,,,,,,,
日本人,3,,,,,,,,,,,
ソフィーナ,3,,,,,,,,,,,
季節ごと,3,,,,,,,,,,,
ドラックストア,3,,,,,,,,,,,
充実,3,,,,,,,,,,,
テクスチャー,3,,,,,,,,,,,
コラーゲン,3,,,,,,,,,,,
旅行,3,,,,,,,,,,,
くま,3,,,,,,,,,,,
水化粧,3,,,,,,,,,,,
地肌,3,,,,,,,,,,,
エマルジョンタイプ,3,,,,,,,,,,,
特別,3,,,,,,,,,,,
知名度,3,,,,,,,,,,,
下地クリーム,3,,,,,,,,,,,
らい,3,,,,,,,,,,,
携帯,3,,,,,,,,,,,
デリケート,3,,,,,,,,,,,
安売り,3,,,,,,,,,,,
オールシーズン使用,3,,,,,,,,,,,
ニオイ,3,,,,,,,,,,,
ホワイトニング効果,3,,,,,,,,,,,
マックスファクター,3,,,,,,,,,,,
発売,3,,,,,,,,,,,
原材料,3,,,,,,,,,,,
１年中,3,,,,,,,,,,,
朝,3,,,,,,,,,,,
勧め,3,,,,,,,,,,,
びがいい,3,,,,,,,,,,,
ピタ,3,,,,,,,,,,,
nasi,3,,,,,,,,,,,
母,3,,,,,,,,,,,
他社,3,,,,,,,,,,,
結果,3,,,,,,,,,,,
吹き出物,3,,,,,,,,,,,
殆ど,3,,,,,,,,,,,
冬用,3,,,,,,,,,,,
頬,3,,,,,,,,,,,
ため肌,3,,,,,,,,,,,
女優さん,3,,,,,,,,,,,
強力,3,,,,,,,,,,,
カサ,3,,,,,,,,,,,
使い分け,3,,,,,,,,,,,
水分,3,,,,,,,,,,,
最初,3,,,,,,,,,,,
微粒子パウダー,3,,,,,,,,,,,
中身,3,,,,,,,,,,,
写真,3,,,,,,,,,,,
失敗,3,,,,,,,,,,,
肌そのもの,3,,,,,,,,,,,
ごちがい,3,,,,,,,,,,,
皮脂浮き,3,,,,,,,,,,,
知人,3,,,,,,,,,,,
オールシーズンタイプ,3,,,,,,,,,,,
専用,3,,,,,,,,,,,
おしろい,3,,,,,,,,,,,
固形,3,,,,,,,,,,,
信用,3,,,,,,,,,,,
年間,3,,,,,,,,,,,
販売,3,,,,,,,,,,,
ほか,3,,,,,,,,,,,
安め,3,,,,,,,,,,,
まとめ買い,3,,,,,,,,,,,
魅力,3,,,,,,,,,,,
扱い,3,,,,,,,,,,,
自由,3,,,,,,,,,,,
美白成分,3,,,,,,,,,,,
得,3,,,,,,,,,,,
付け,3,,,,,,,,,,,
平気,3,,,,,,,,,,,
一つ,3,,,,,,,,,,,
ぜん,3,,,,,,,,,,,
リキット,3,,,,,,,,,,,
ゴージャス,3,,,,,,,,,,,
パラベン,3,,,,,,,,,,,
タレント,3,,,,,,,,,,,
SPF,3,,,,,,,,,,,
お得,3,,,,,,,,,,,
♪,3,,,,,,,,,,,
面倒,3,,,,,,,,,,,
可能,3,,,,,,,,,,,
上品,3,,,,,,,,,,,
フイット,3,,,,,,,,,,,
別,3,,,,,,,,,,,
1番,3,,,,,,,,,,,
色見,3,,,,,,,,,,,
様,3,,,,,,,,,,,
店員,3,,,,,,,,,,,
あまり,3,,,,,,,,,,,
年中,3,,,,,,,,,,,
肌あれ,3,,,,,,,,,,,
身近,3,,,,,,,,,,,
十分,3,,,,,,,,,,,
ブランド名,3,,,,,,,,,,,
ところ自分,3,,,,,,,,,,,
オイル,3,,,,,,,,,,,
天然由来,3,,,,,,,,,,,
持ち,3,,,,,,,,,,,
ブルー,3,,,,,,,,,,,
マット感,3,,,,,,,,,,,
ところカバー力,3,,,,,,,,,,,
肌馴染み,3,,,,,,,,,,,
ライン,3,,,,,,,,,,,
自然色,2,,,,,,,,,,,
かさつき,2,,,,,,,,,,,
日焼け対策,2,,,,,,,,,,,
SPF値,2,,,,,,,,,,,
がち,2,,,,,,,,,,,
木目,2,,,,,,,,,,,
そこそこ,2,,,,,,,,,,,
キャッチコピー,2,,,,,,,,,,,
どれ,2,,,,,,,,,,,
CMキャラクター,2,,,,,,,,,,,
ニキビ用,2,,,,,,,,,,,
控え目,2,,,,,,,,,,,
自分好み,2,,,,,,,,,,,
試し,2,,,,,,,,,,,
アレルギー肌,2,,,,,,,,,,,
いや,2,,,,,,,,,,,
つぶ,2,,,,,,,,,,,
クリームファンデーション,2,,,,,,,,,,,
真っ白,2,,,,,,,,,,,
ほのか,2,,,,,,,,,,,
日焼け防止効果,2,,,,,,,,,,,
ニキビ予防,2,,,,,,,,,,,
一日中,2,,,,,,,,,,,
一般,2,,,,,,,,,,,
重ね付け,2,,,,,,,,,,,
お値打ち,2,,,,,,,,,,,
密着感,2,,,,,,,,,,,
スベスベ,2,,,,,,,,,,,
透明,2,,,,,,,,,,,
ショップ,2,,,,,,,,,,,
日焼け止め機能,2,,,,,,,,,,,
みんな,2,,,,,,,,,,,
ツケ心地,2,,,,,,,,,,,
手頃価格,2,,,,,,,,,,,
冬場,2,,,,,,,,,,,
冬,2,,,,,,,,,,,
多め,2,,,,,,,,,,,
手ごろ価格,2,,,,,,,,,,,
セール,2,,,,,,,,,,,
鉱物,2,,,,,,,,,,,
友達,2,,,,,,,,,,,
ら,2,,,,,,,,,,,
プレゼント,2,,,,,,,,,,,
ハイライト,2,,,,,,,,,,,
崩れ方,2,,,,,,,,,,,
スッ,2,,,,,,,,,,,
一塗り,2,,,,,,,,,,,
リキットタイプ,2,,,,,,,,,,,
シーズンごと,2,,,,,,,,,,,
スキンケア成分,2,,,,,,,,,,,
最高,2,,,,,,,,,,,
(,2,,,,,,,,,,,
コンパクトタイプ,2,,,,,,,,,,,
スポーツ,2,,,,,,,,,,,
なか,2,,,,,,,,,,,
工夫,2,,,,,,,,,,,
テカラ,2,,,,,,,,,,,
白浮き,2,,,,,,,,,,,
ところどこ,2,,,,,,,,,,,
防止,2,,,,,,,,,,,
UV対策,2,,,,,,,,,,,
独特,2,,,,,,,,,,,
持続性,2,,,,,,,,,,,
ダイソー,2,,,,,,,,,,,
鼻,2,,,,,,,,,,,
日常,2,,,,,,,,,,,
シットリ感,2,,,,,,,,,,,
抵抗,2,,,,,,,,,,,
外箱,2,,,,,,,,,,,
皺,2,,,,,,,,,,,
色選び,2,,,,,,,,,,,
オシャレ,2,,,,,,,,,,,
お洒落,2,,,,,,,,,,,
オールシーズン対応,2,,,,,,,,,,,
全部,2,,,,,,,,,,,
手頃肌,2,,,,,,,,,,,
新鮮,2,,,,,,,,,,,
割安,2,,,,,,,,,,,
美容液配合,2,,,,,,,,,,,
DHC,2,,,,,,,,,,,
1,2,,,,,,,,,,,
触り心地,2,,,,,,,,,,,
ナチュラルメーク,2,,,,,,,,,,,
ＵＶカット機能,2,,,,,,,,,,,
ファンデーション特有,2,,,,,,,,,,,
スティック状,2,,,,,,,,,,,
有害,2,,,,,,,,,,,
パラベンフリー,2,,,,,,,,,,,
ムースタイプ,2,,,,,,,,,,,
仕上り,2,,,,,,,,,,,
替え,2,,,,,,,,,,,
多数,2,,,,,,,,,,,
コレ,2,,,,,,,,,,,
ろ,2,,,,,,,,,,,
脂症,2,,,,,,,,,,,
花,2,,,,,,,,,,,
スキ,2,,,,,,,,,,,
高価,2,,,,,,,,,,,
２つ,2,,,,,,,,,,,
薄着,2,,,,,,,,,,,
にきび肌,2,,,,,,,,,,,
花王,2,,,,,,,,,,,
角度,2,,,,,,,,,,,
付き方,2,,,,,,,,,,,
魅力的,2,,,,,,,,,,,
次,2,,,,,,,,,,,
付け方,2,,,,,,,,,,,
予防,2,,,,,,,,,,,
送料無料,2,,,,,,,,,,,
め,2,,,,,,,,,,,
パラペン,2,,,,,,,,,,,
表示,2,,,,,,,,,,,
１つ,2,,,,,,,,,,,
奇麗,2,,,,,,,,,,,
耐水性,2,,,,,,,,,,,
ゴテゴテ,2,,,,,,,,,,,
交換,2,,,,,,,,,,,
せっけん,2,,,,,,,,,,,
だま,2,,,,,,,,,,,
妥当,2,,,,,,,,,,,
場所,2,,,,,,,,,,,
びがよいところ,2,,,,,,,,,,,
メーク,2,,,,,,,,,,,
プラウディア,2,,,,,,,,,,,
一目,2,,,,,,,,,,,
カンジ,2,,,,,,,,,,,
風,2,,,,,,,,,,,
マシ,2,,,,,,,,,,,
欠点,2,,,,,,,,,,,
矢田亜希子さん,2,,,,,,,,,,,
容量,2,,,,,,,,,,,
つややか,2,,,,,,,,,,,
程,2,,,,,,,,,,,
体質,2,,,,,,,,,,,
微妙,2,,,,,,,,,,,
仕上がり具合,2,,,,,,,,,,,
なめらかさ,2,,,,,,,,,,,
ナチュナル,2,,,,,,,,,,,
重宝,2,,,,,,,,,,,
凸凹,2,,,,,,,,,,,
UVカット仕様,2,,,,,,,,,,,
美容効果,2,,,,,,,,,,,
手触り,2,,,,,,,,,,,
華やか,2,,,,,,,,,,,
オイリー肌,2,,,,,,,,,,,
知り合い,2,,,,,,,,,,,
新製品,2,,,,,,,,,,,
uv効果,2,,,,,,,,,,,
ブラシ,2,,,,,,,,,,,
カンタン,2,,,,,,,,,,,
決め,2,,,,,,,,,,,
血色,2,,,,,,,,,,,
菅野美穂,2,,,,,,,,,,,
テクニック,2,,,,,,,,,,,
大,2,,,,,,,,,,,
アルソア,2,,,,,,,,,,,
コマーシャル,2,,,,,,,,,,,
ＯＫ,2,,,,,,,,,,,
変身,2,,,,,,,,,,,
付き具合,2,,,,,,,,,,,
ニキビ跡,2,,,,,,,,,,,
ゴージャス感,2,,,,,,,,,,,
味方,2,,,,,,,,,,,
色移り,2,,,,,,,,,,,
返品,2,,,,,,,,,,,
毎年,2,,,,,,,,,,,
100円,2,,,,,,,,,,,
パール感,2,,,,,,,,,,,
首,2,,,,,,,,,,,
ＤＨＣ,2,,,,,,,,,,,
ドラッグストアー,2,,,,,,,,,,,
別売り,2,,,,,,,,,,,
香,2,,,,,,,,,,,
使用可能,2,,,,,,,,,,,
ＵＶカット力,2,,,,,,,,,,,
粗,2,,,,,,,,,,,
真夏,2,,,,,,,,,,,
第一,2,,,,,,,,,,,
陶器肌,2,,,,,,,,,,,
自然感,2,,,,,,,,,,,
防腐剤等,2,,,,,,,,,,,
乾燥ぎみ,2,,,,,,,,,,,
紫外線防止,2,,,,,,,,,,,
価格帯,2,,,,,,,,,,,
ソフト,2,,,,,,,,,,,
場合,2,,,,,,,,,,,
使い方,2,,,,,,,,,,,
手ごろ肌,2,,,,,,,,,,,
重ね塗り,2,,,,,,,,,,,
粉粉,2,,,,,,,,,,,
つきの,2,,,,,,,,,,,
モチ,2,,,,,,,,,,,
お金,2,,,,,,,,,,,
リキッドみたい,2,,,,,,,,,,,
脂浮き,2,,,,,,,,,,,
混合肌,2,,,,,,,,,,,
ヒアルロン酸,2,,,,,,,,,,,
たま,2,,,,,,,,,,,
量販店,2,,,,,,,,,,,
竹内結子,2,,,,,,,,,,,
きが,2,,,,,,,,,,,
紫外線吸収剤,2,,,,,,,,,,,
同じ,2,,,,,,,,,,,
シッカリ,2,,,,,,,,,,,
ファンデーション自体,2,,,,,,,,,,,
感じ肌,2,,,,,,,,,,,
化学物質,2,,,,,,,,,,,
コスメ,2,,,,,,,,,,,
にきび跡,2,,,,,,,,,,,
べた,2,,,,,,,,,,,
ワントーン,2,,,,,,,,,,,
水無し両用タイプ,2,,,,,,,,,,,
１００円,2,,,,,,,,,,,
クレンジング不要,2,,,,,,,,,,,
現在,2,,,,,,,,,,,
づれない,2,,,,,,,,,,,
小分け,2,,,,,,,,,,,
内面,2,,,,,,,,,,,
きっかけ,2,,,,,,,,,,,
シワ,2,,,,,,,,,,,
粉おしろい,2,,,,,,,,,,,
吸着,2,,,,,,,,,,,
サラサラ,2,,,,,,,,,,,
気楽,2,,,,,,,,,,,
付き心地,2,,,,,,,,,,,
１年,2,,,,,,,,,,,
ダマ,2,,,,,,,,,,,
肌アレ,2,,,,,,,,,,,
愛着,2,,,,,,,,,,,
マッド,2,,,,,,,,,,,
色ムラ,2,,,,,,,,,,,
快適,2,,,,,,,,,,,
感想肌,2,,,,,,,,,,,
練り状,2,,,,,,,,,,,
こまやか,2,,,,,,,,,,,
ムース,2,,,,,,,,,,,
開発,2,,,,,,,,,,,
液,2,,,,,,,,,,,
販売店,2,,,,,,,,,,,
形状,2,,,,,,,,,,,
伸び肌,2,,,,,,,,,,,
クリームファンデ,2,,,,,,,,,,,
色落ち,2,,,,,,,,,,,
洗顔料,2,,,,,,,,,,,
理由,2,,,,,,,,,,,
いくつ,2,,,,,,,,,,,
午後,2,,,,,,,,,,,
矢田亜希子ちゃん,2,,,,,,,,,,,
美容員,2,,,,,,,,,,,
手近,2,,,,,,,,,,,
とき自然,2,,,,,,,,,,,
分量,2,,,,,,,,,,,
自体,2,,,,,,,,,,,
均等,2,,,,,,,,,,,
あら,2,,,,,,,,,,,
検討中,2,,,,,,,,,,,
乳液タイプ,2,,,,,,,,,,,
日常的,2,,,,,,,,,,,
脂性肌,2,,,,,,,,,,,
ビン,2,,,,,,,,,,,
何,2,,,,,,,,,,,
機能的,2,,,,,,,,,,,
大好き,2,,,,,,,,,,,
色め,2,,,,,,,,,,,
両面,2,,,,,,,,,,,
スティックファンデーション,2,,,,,,,,,,,
ときサラッ,2,,,,,,,,,,,
つけたて,2,,,,,,,,,,,
シルク,2,,,,,,,,,,,
ナノテク,2,,,,,,,,,,,
無機顔料,2,,,,,,,,,,,
水無し,2,,,,,,,,,,,
ー力,2,,,,,,,,,,,
納得,2,,,,,,,,,,,
飽き,2,,,,,,,,,,,
化粧下地,2,,,,,,,,,,,
植物,2,,,,,,,,,,,
オールシーズン用,2,,,,,,,,,,,
プレスドパウダー,2,,,,,,,,,,,
コンセプト,2,,,,,,,,,,,
そこ,2,,,,,,,,,,,
高級,2,,,,,,,,,,,
天然１００％,2,,,,,,,,,,,
秋冬用,2,,,,,,,,,,,
陶器,2,,,,,,,,,,,
サラット,2,,,,,,,,,,,
その他,2,,,,,,,,,,,
丁度,2,,,,,,,,,,,
邪魔,2,,,,,,,,,,,
肌本来,2,,,,,,,,,,,
UVケア,2,,,,,,,,,,,
様々,2,,,,,,,,,,,
イメージキャラクター,2,,,,,,,,,,,
艶感,2,,,,,,,,,,,
夏向き,2,,,,,,,,,,,
接客,2,,,,,,,,,,,
満足感,2,,,,,,,,,,,
天然成分100％,2,,,,,,,,,,,
ころ,2,,,,,,,,,,,
何回,2,,,,,,,,,,,
ウオータータイプ,2,,,,,,,,,,,
一式,1,,,,,,,,,,,
伸びやか,1,,,,,,,,,,,
学校,1,,,,,,,,,,,
労,1,,,,,,,,,,,
ベタつき,1,,,,,,,,,,,
お試し,1,,,,,,,,,,,
ニキビ対応,1,,,,,,,,,,,
パウダーファン,1,,,,,,,,,,,
さらさら感,1,,,,,,,,,,,
､コンパクト,1,,,,,,,,,,,
色味(黄色味),1,,,,,,,,,,,
敏感性肌,1,,,,,,,,,,,
自然パウダー,1,,,,,,,,,,,
オリーブバージンオイル使用,1,,,,,,,,,,,
時代,1,,,,,,,,,,,
シルキー,1,,,,,,,,,,,
ケース付き,1,,,,,,,,,,,
40代,1,,,,,,,,,,,
ぷるんとした肌,1,,,,,,,,,,,
皮膚トラブル,1,,,,,,,,,,,
２８％,1,,,,,,,,,,,
伸びがよいうすづきで,1,,,,,,,,,,,
愛好者,1,,,,,,,,,,,
伸びむら,1,,,,,,,,,,,
美容液みたい,1,,,,,,,,,,,
トリートメント成分,1,,,,,,,,,,,
色テカラ,1,,,,,,,,,,,
ウォーターファンデーション,1,,,,,,,,,,,
シ,1,,,,,,,,,,,
簡単綺麗,1,,,,,,,,,,,
気もち,1,,,,,,,,,,,
日焼け止めクリ,1,,,,,,,,,,,
プロテクト効果,1,,,,,,,,,,,
肌質感,1,,,,,,,,,,,
購入手配,1,,,,,,,,,,,
細やかさ,1,,,,,,,,,,,
苦手,1,,,,,,,,,,,
使用量,1,,,,,,,,,,,
塗布,1,,,,,,,,,,,
ことホワイトニング効果手軽,1,,,,,,,,,,,
害,1,,,,,,,,,,,
無鉱物質油,1,,,,,,,,,,,
やつ,1,,,,,,,,,,,
綺麗め,1,,,,,,,,,,,
ぶん,1,,,,,,,,,,,
uv,1,,,,,,,,,,,
意見,1,,,,,,,,,,,
馴染み感,1,,,,,,,,,,,
色数,1,,,,,,,,,,,
人工,1,,,,,,,,,,,
ワントーンきれい,1,,,,,,,,,,,
ところたま,1,,,,,,,,,,,
もより,1,,,,,,,,,,,
インパクト,1,,,,,,,,,,,
ごと,1,,,,,,,,,,,
uｖカット,1,,,,,,,,,,,
クール,1,,,,,,,,,,,
平均的,1,,,,,,,,,,,
何時間,1,,,,,,,,,,,
スレンダー,1,,,,,,,,,,,
特別好き,1,,,,,,,,,,,
特有,1,,,,,,,,,,,
びがいいから,1,,,,,,,,,,,
無香料１つ,1,,,,,,,,,,,
乳液みたい,1,,,,,,,,,,,
プルプル,1,,,,,,,,,,,
まし,1,,,,,,,,,,,
機能性,1,,,,,,,,,,,
改善,1,,,,,,,,,,,
ヴィヴィッドインパクトパウダー配合,1,,,,,,,,,,,
あと肌,1,,,,,,,,,,,
廉価酸化,1,,,,,,,,,,,
薄化粧風,1,,,,,,,,,,,
エルシア,1,,,,,,,,,,,
ラク価格,1,,,,,,,,,,,
紫外線予防,1,,,,,,,,,,,
ときノリ,1,,,,,,,,,,,
ティッシュ,1,,,,,,,,,,,
通常,1,,,,,,,,,,,
混入,1,,,,,,,,,,,
紺色,1,,,,,,,,,,,
あと時間,1,,,,,,,,,,,
働き,1,,,,,,,,,,,
2段,1,,,,,,,,,,,
雨,1,,,,,,,,,,,
２人,1,,,,,,,,,,,
Tゾーン,1,,,,,,,,,,,
複数購入,1,,,,,,,,,,,
同類,1,,,,,,,,,,,
作業,1,,,,,,,,,,,
確か,1,,,,,,,,,,,
美白効果カバー力,1,,,,,,,,,,,
ゴルフ,1,,,,,,,,,,,
点色,1,,,,,,,,,,,
かた,1,,,,,,,,,,,
それ一個,1,,,,,,,,,,,
乳化剤,1,,,,,,,,,,,
ケチら,1,,,,,,,,,,,
ＦＤ,1,,,,,,,,,,,
びがよいさらっとした感触,1,,,,,,,,,,,
乾燥感,1,,,,,,,,,,,
値,1,,,,,,,,,,,
水おしろい,1,,,,,,,,,,,
仕上がり不純物,1,,,,,,,,,,,
４色,1,,,,,,,,,,,
お買い物,1,,,,,,,,,,,
催促,1,,,,,,,,,,,
仕上がり持ち,1,,,,,,,,,,,
ところニキビ,1,,,,,,,,,,,
フィットスル,1,,,,,,,,,,,
ピジョン,1,,,,,,,,,,,
フォギー肌,1,,,,,,,,,,,
９５０円,1,,,,,,,,,,,
共通性,1,,,,,,,,,,,
信頼感,1,,,,,,,,,,,
菱,1,,,,,,,,,,,
スプレー,1,,,,,,,,,,,
大学,1,,,,,,,,,,,
無事,1,,,,,,,,,,,
なん,1,,,,,,,,,,,
ブロック,1,,,,,,,,,,,
高品質カバー力,1,,,,,,,,,,,
肌呼吸,1,,,,,,,,,,,
斬新,1,,,,,,,,,,,
クレージュ,1,,,,,,,,,,,
精神的,1,,,,,,,,,,,
手ごろ感,1,,,,,,,,,,,
差,1,,,,,,,,,,,
時持ち運び,1,,,,,,,,,,,
化粧時間,1,,,,,,,,,,,
化粧ムラ,1,,,,,,,,,,,
アピール,1,,,,,,,,,,,
練り状タイプファンデーション,1,,,,,,,,,,,
ストーリー性,1,,,,,,,,,,,
ベビー用品,1,,,,,,,,,,,
リキットファンデーション,1,,,,,,,,,,,
正直可,1,,,,,,,,,,,
美容成分たっぷり,1,,,,,,,,,,,
ところしみ,1,,,,,,,,,,,
性能,1,,,,,,,,,,,
ところ伸び,1,,,,,,,,,,,
パウダリーファンデーション,1,,,,,,,,,,,
ワンシーズン,1,,,,,,,,,,,
具合伸び,1,,,,,,,,,,,
ところアレルギーテスト済み,1,,,,,,,,,,,
表,1,,,,,,,,,,,
発色毛穴,1,,,,,,,,,,,
粘着力,1,,,,,,,,,,,
物質,1,,,,,,,,,,,
カウンター,1,,,,,,,,,,,
バツグン,1,,,,,,,,,,,
付き感,1,,,,,,,,,,,
購入可能,1,,,,,,,,,,,
製品自体,1,,,,,,,,,,,
BA,1,,,,,,,,,,,
ばく,1,,,,,,,,,,,
カバー力がわり,1,,,,,,,,,,,
洗顔剤,1,,,,,,,,,,,
密着性,1,,,,,,,,,,,
馴染み化粧崩れ,1,,,,,,,,,,,
女優,1,,,,,,,,,,,
ブルーベース用,1,,,,,,,,,,,
色調,1,,,,,,,,,,,
とい,1,,,,,,,,,,,
｡仕上がり,1,,,,,,,,,,,
いろいろ,1,,,,,,,,,,,
びがよい,1,,,,,,,,,,,
のり具合,1,,,,,,,,,,,
ところ基礎化粧品,1,,,,,,,,,,,
合成物質,1,,,,,,,,,,,
しよう,1,,,,,,,,,,,
切り替え,1,,,,,,,,,,,
リーゾナブル,1,,,,,,,,,,,
天然由来100％,1,,,,,,,,,,,
目元,1,,,,,,,,,,,
なじみ乾燥防止効果,1,,,,,,,,,,,
化粧モチ効果,1,,,,,,,,,,,
ダメージ,1,,,,,,,,,,,
所資生堂,1,,,,,,,,,,,
チューブ入り,1,,,,,,,,,,,
夏冬,1,,,,,,,,,,,
リピ,1,,,,,,,,,,,
付け心地値段,1,,,,,,,,,,,
アレルギー対策,1,,,,,,,,,,,
若干,1,,,,,,,,,,,
染み,1,,,,,,,,,,,
TV通販番組,1,,,,,,,,,,,
汗かき,1,,,,,,,,,,,
無鉱物質,1,,,,,,,,,,,
敏感肌の,1,,,,,,,,,,,
敏感肌対応,1,,,,,,,,,,,
パソコン,1,,,,,,,,,,,
インナードライ肌,1,,,,,,,,,,,
１００％オイルカット,1,,,,,,,,,,,
10年以上,1,,,,,,,,,,,
残り,1,,,,,,,,,,,
アイテム,1,,,,,,,,,,,
漢字,1,,,,,,,,,,,
コンビ,1,,,,,,,,,,,
クリヤ系,1,,,,,,,,,,,
子会社,1,,,,,,,,,,,
松たかこ紫外線,1,,,,,,,,,,,
毛,1,,,,,,,,,,,
赤ちゃん肌,1,,,,,,,,,,,
ガバー力,1,,,,,,,,,,,
点UVカット,1,,,,,,,,,,,
半年,1,,,,,,,,,,,
uv機能,1,,,,,,,,,,,
ワリ,1,,,,,,,,,,,
不自然,1,,,,,,,,,,,
ひりひり,1,,,,,,,,,,,
アミノ酸,1,,,,,,,,,,,
ＳＰＦ23,1,,,,,,,,,,,
勧誘,1,,,,,,,,,,,
20％引き,1,,,,,,,,,,,
エアータッチ,1,,,,,,,,,,,
伸びがよくつけたときのもったり感,1,,,,,,,,,,,
キツクナイ,1,,,,,,,,,,,
イメージのり,1,,,,,,,,,,,
SPF25PA++,1,,,,,,,,,,,
超微粒子,1,,,,,,,,,,,
マッサージクリーム,1,,,,,,,,,,,
価格自分,1,,,,,,,,,,,
窒息感,1,,,,,,,,,,,
補正力,1,,,,,,,,,,,
基本的,1,,,,,,,,,,,
天然成分原料,1,,,,,,,,,,,
小さめ,1,,,,,,,,,,,
極上,1,,,,,,,,,,,
小鼻,1,,,,,,,,,,,
とおり光,1,,,,,,,,,,,
ウォーターイン,1,,,,,,,,,,,
桃肌,1,,,,,,,,,,,
油浮き,1,,,,,,,,,,,
ｹｰｽ,1,,,,,,,,,,,
びがよくきれいに,1,,,,,,,,,,,
海外旅行,1,,,,,,,,,,,
はかさ,1,,,,,,,,,,,
ニキビケア,1,,,,,,,,,,,
配達時間,1,,,,,,,,,,,
｡カバー力,1,,,,,,,,,,,
１回,1,,,,,,,,,,,
汗皮脂,1,,,,,,,,,,,
あと自分,1,,,,,,,,,,,
UV対応,1,,,,,,,,,,,
油性肌,1,,,,,,,,,,,
ホワイトニング重視,1,,,,,,,,,,,
床,1,,,,,,,,,,,
ミラー,1,,,,,,,,,,,
海綿,1,,,,,,,,,,,
粉タイプ,1,,,,,,,,,,,
毛穴カバー力,1,,,,,,,,,,,
不満,1,,,,,,,,,,,
軽減,1,,,,,,,,,,,
楽ちん,1,,,,,,,,,,,
肌のり,1,,,,,,,,,,,
びがよくてつけやすいところ,1,,,,,,,,,,,
落ち,1,,,,,,,,,,,
スチック型,1,,,,,,,,,,,
色付き,1,,,,,,,,,,,
ホームセンター,1,,,,,,,,,,,
ガバー,1,,,,,,,,,,,
ホワイトニング入り,1,,,,,,,,,,,
ふたり,1,,,,,,,,,,,
成分的,1,,,,,,,,,,,
購入可,1,,,,,,,,,,,
1700円,1,,,,,,,,,,,
ＳＰＦ数値,1,,,,,,,,,,,
気分的,1,,,,,,,,,,,
研究開発費,1,,,,,,,,,,,
２色使い,1,,,,,,,,,,,
嫌味,1,,,,,,,,,,,
白粉,1,,,,,,,,,,,
自慢,1,,,,,,,,,,,
広告,1,,,,,,,,,,,
容易,1,,,,,,,,,,,
安値,1,,,,,,,,,,,
カバー効果,1,,,,,,,,,,,
ジャー,1,,,,,,,,,,,
正直,1,,,,,,,,,,,
1年,1,,,,,,,,,,,
ナノ化粧品,1,,,,,,,,,,,
とき色味,1,,,,,,,,,,,
程度,1,,,,,,,,,,,
価格つき,1,,,,,,,,,,,
びがいいからとても自然,1,,,,,,,,,,,
スポーツタイプ,1,,,,,,,,,,,
悩み,1,,,,,,,,,,,
皮脂吸着機能,1,,,,,,,,,,,
地黒,1,,,,,,,,,,,
矢田さん,1,,,,,,,,,,,
アレルギー持ち,1,,,,,,,,,,,
500円割引券,1,,,,,,,,,,,
低刺激性,1,,,,,,,,,,,
ディスプレイ,1,,,,,,,,,,,
ょく,1,,,,,,,,,,,
十数年前,1,,,,,,,,,,,
付き合い,1,,,,,,,,,,,
さりげ,1,,,,,,,,,,,
ヤツ,1,,,,,,,,,,,
薄づきサラ,1,,,,,,,,,,,
パール効果,1,,,,,,,,,,,
全成分表示,1,,,,,,,,,,,
ジェル状ファンデーション,1,,,,,,,,,,,
毎月,1,,,,,,,,,,,
ツヤ加減,1,,,,,,,,,,,
肌地,1,,,,,,,,,,,
アトピー体質,1,,,,,,,,,,,
パッケージング,1,,,,,,,,,,,
リフトアップ効果,1,,,,,,,,,,,
色ＮＯ.,1,,,,,,,,,,,
パウダー形式,1,,,,,,,,,,,
クォリティー,1,,,,,,,,,,,
コンシーラー,1,,,,,,,,,,,
我が家,1,,,,,,,,,,,
メーカーイメージ,1,,,,,,,,,,,
スティクタイプ,1,,,,,,,,,,,
なに,1,,,,,,,,,,,
化粧品以外,1,,,,,,,,,,,
利点,1,,,,,,,,,,,
買物ついで,1,,,,,,,,,,,
す,1,,,,,,,,,,,
包装,1,,,,,,,,,,,
紹介,1,,,,,,,,,,,
オルビスさん,1,,,,,,,,,,,
製造,1,,,,,,,,,,,
ノンコメドチェック済み,1,,,,,,,,,,,
理キット,1,,,,,,,,,,,
瞬間,1,,,,,,,,,,,
セルフ,1,,,,,,,,,,,
先生,1,,,,,,,,,,,
無駄,1,,,,,,,,,,,
肌持ち,1,,,,,,,,,,,
),1,,,,,,,,,,,
限定,1,,,,,,,,,,,
オルビス,1,,,,,,,,,,,
MAC,1,,,,,,,,,,,
カバー力素肌感,1,,,,,,,,,,,
伸びがよくつけたあとさらっとしている,1,,,,,,,,,,,
情報,1,,,,,,,,,,,
モデル,1,,,,,,,,,,,
代用,1,,,,,,,,,,,
小量,1,,,,,,,,,,,
伸び塗り斑,1,,,,,,,,,,,
舞台,1,,,,,,,,,,,
UVケア機能,1,,,,,,,,,,,
一つづつ包装,1,,,,,,,,,,,
買い替え,1,,,,,,,,,,,
ウオータープルーフ,1,,,,,,,,,,,
しっくり,1,,,,,,,,,,,
個数,1,,,,,,,,,,,
お着きあい,1,,,,,,,,,,,
そうコーセ,1,,,,,,,,,,,
透明感薄,1,,,,,,,,,,,
ホドホド,1,,,,,,,,,,,
分もち,1,,,,,,,,,,,
ブラウディア,1,,,,,,,,,,,
あと日焼け,1,,,,,,,,,,,
肌診断後自分,1,,,,,,,,,,,
アペックスアイ,1,,,,,,,,,,,
季節関係,1,,,,,,,,,,,
美肌,1,,,,,,,,,,,
主,1,,,,,,,,,,,
オールシーズン使用可能,1,,,,,,,,,,,
)こと,1,,,,,,,,,,,
モニター,1,,,,,,,,,,,
舞台メイク,1,,,,,,,,,,,
ホコリ,1,,,,,,,,,,,
色もち,1,,,,,,,,,,,
美白用,1,,,,,,,,,,,
ところスポンジ,1,,,,,,,,,,,
こと石鹸,1,,,,,,,,,,,
ダレ,1,,,,,,,,,,,
日本離れ,1,,,,,,,,,,,
敏感肌用名ところ,1,,,,,,,,,,,
にきび用ファンデーション,1,,,,,,,,,,,
ＳＰＦ効果,1,,,,,,,,,,,
蛍光灯等,1,,,,,,,,,,,
機能別,1,,,,,,,,,,,
オークル色,1,,,,,,,,,,,
ニキビ対策,1,,,,,,,,,,,
日焼け止め入り,1,,,,,,,,,,,
estリキッド,1,,,,,,,,,,,
ベース用,1,,,,,,,,,,,
スムーズ,1,,,,,,,,,,,
ところ価格,1,,,,,,,,,,,
パク,1,,,,,,,,,,,
10000円購入,1,,,,,,,,,,,
ところ薄つき,1,,,,,,,,,,,
カラーパール,1,,,,,,,,,,,
おてごろ価格,1,,,,,,,,,,,
ベースファンデーション,1,,,,,,,,,,,
調製,1,,,,,,,,,,,
効果大,1,,,,,,,,,,,
消耗品,1,,,,,,,,,,,
RMK,1,,,,,,,,,,,
ごこち,1,,,,,,,,,,,
隠れ素肌感覚,1,,,,,,,,,,,
試用期間中,1,,,,,,,,,,,
カバー力がち,1,,,,,,,,,,,
LVMH系列,1,,,,,,,,,,,
資生堂ブランド,1,,,,,,,,,,,
デコボコ,1,,,,,,,,,,,
)ところ,1,,,,,,,,,,,
薄付き肌,1,,,,,,,,,,,
カラー等,1,,,,,,,,,,,
乳液状,1,,,,,,,,,,,
無鉱油製品,1,,,,,,,,,,,
意外,1,,,,,,,,,,,
CMキャラクター綺麗,1,,,,,,,,,,,
ＵＶカット入り,1,,,,,,,,,,,
ズン毎,1,,,,,,,,,,,
びがいいしっとり感,1,,,,,,,,,,,
色黒,1,,,,,,,,,,,
すっきり,1,,,,,,,,,,,
鉱物油系,1,,,,,,,,,,,
クスミ,1,,,,,,,,,,,
直ぐ,1,,,,,,,,,,,
オリーブバージンオイル,1,,,,,,,,,,,
カバー力(,1,,,,,,,,,,,
スティック式,1,,,,,,,,,,,
滑らかさ,1,,,,,,,,,,,
セミフォーマル,1,,,,,,,,,,,
リガ,1,,,,,,,,,,,
ナチャル,1,,,,,,,,,,,
上記,1,,,,,,,,,,,
安物,1,,,,,,,,,,,
プロ,1,,,,,,,,,,,
資生堂商品,1,,,,,,,,,,,
３色,1,,,,,,,,,,,
状況,1,,,,,,,,,,,
つぼみ,1,,,,,,,,,,,
ＳＰＦ23・ＰＡ++）,1,,,,,,,,,,,
完全,1,,,,,,,,,,,
ブランド力,1,,,,,,,,,,,
蓋,1,,,,,,,,,,,
外装,1,,,,,,,,,,,
料金,1,,,,,,,,,,,
清潔感いっぱい,1,,,,,,,,,,,
好感,1,,,,,,,,,,,
疲れ,1,,,,,,,,,,,
好きＤＳ,1,,,,,,,,,,,
静脈,1,,,,,,,,,,,
ノンパラベン・,1,,,,,,,,,,,
使用済み,1,,,,,,,,,,,
シットリ,1,,,,,,,,,,,
人気化粧品,1,,,,,,,,,,,
ケーキ,1,,,,,,,,,,,
ＵＶ機能,1,,,,,,,,,,,
ニキビ要望,1,,,,,,,,,,,
ワタシ,1,,,,,,,,,,,
ハリ感,1,,,,,,,,,,,
無し両用,1,,,,,,,,,,,
無鉱物,1,,,,,,,,,,,
一般的,1,,,,,,,,,,,
西友,1,,,,,,,,,,,
低価格コンビニ,1,,,,,,,,,,,
機,1,,,,,,,,,,,
ニキビ肌対応,1,,,,,,,,,,,
金属アレルギー対応,1,,,,,,,,,,,
写真写り,1,,,,,,,,,,,
コスメ等,1,,,,,,,,,,,
リキッド・ファンデーション,1,,,,,,,,,,,
仕方,1,,,,,,,,,,,
特徴,1,,,,,,,,,,,
透明感アップ,1,,,,,,,,,,,
明度,1,,,,,,,,,,,
水化粧ファン,1,,,,,,,,,,,
脂崩れ,1,,,,,,,,,,,
それぞれ,1,,,,,,,,,,,
清潔感,1,,,,,,,,,,,
SPF１９,1,,,,,,,,,,,
水有,1,,,,,,,,,,,
仕上げ用,1,,,,,,,,,,,
キッド,1,,,,,,,,,,,
freeplus,1,,,,,,,,,,,
控えめ,1,,,,,,,,,,,
リッキド,1,,,,,,,,,,,
色味質感,1,,,,,,,,,,,
カバー力コンパクトサイズ,1,,,,,,,,,,,
限定品,1,,,,,,,,,,,
顧客,1,,,,,,,,,,,
お医者さん,1,,,,,,,,,,,
低め,1,,,,,,,,,,,
びがよくとてもフィット感,1,,,,,,,,,,,
スポーツ時,1,,,,,,,,,,,
キャンペーン中,1,,,,,,,,,,,
春夏用,1,,,,,,,,,,,
デザイン機能性,1,,,,,,,,,,,
水乾両用,1,,,,,,,,,,,
自然感じ,1,,,,,,,,,,,
)。,1,,,,,,,,,,,
環境下,1,,,,,,,,,,,
米粒,1,,,,,,,,,,,
天然系,1,,,,,,,,,,,
接客態度,1,,,,,,,,,,,
こと自体,1,,,,,,,,,,,
シフォン,1,,,,,,,,,,,
はて,1,,,,,,,,,,,
サンスクリーンオンフェイス,1,,,,,,,,,,,
デュウ,1,,,,,,,,,,,
ぶきっちょ,1,,,,,,,,,,,
色(ベージュオークル),1,,,,,,,,,,,
アレルギー等,1,,,,,,,,,,,
切欠,1,,,,,,,,,,,
粉体,1,,,,,,,,,,,
手ごろ見た目,1,,,,,,,,,,,
中間,1,,,,,,,,,,,
ウォータープルーフタイプ,1,,,,,,,,,,,
UVディベース,1,,,,,,,,,,,
ツア,1,,,,,,,,,,,
販売員さん,1,,,,,,,,,,,
関係,1,,,,,,,,,,,
浮き,1,,,,,,,,,,,
仕上がり長持ち,1,,,,,,,,,,,
ナチュラル肌,1,,,,,,,,,,,
絹,1,,,,,,,,,,,
自然素材パウダー,1,,,,,,,,,,,
コンシーラータイプ,1,,,,,,,,,,,
肌さわり,1,,,,,,,,,,,
合成色素,1,,,,,,,,,,,
プルルン,1,,,,,,,,,,,
とたん,1,,,,,,,,,,,
天然成分１００％,1,,,,,,,,,,,
水無し両用,1,,,,,,,,,,,
びがよくてとても使い,1,,,,,,,,,,,
最新,1,,,,,,,,,,,
ﾉﾘ,1,,,,,,,,,,,
対抗,1,,,,,,,,,,,
涙,1,,,,,,,,,,,
一日安心,1,,,,,,,,,,,
国内,1,,,,,,,,,,,
真夏以外,1,,,,,,,,,,,
一日中コンヂション,1,,,,,,,,,,,
アニエスベーそのもの,1,,,,,,,,,,,
油系,1,,,,,,,,,,,
？),1,,,,,,,,,,,
適切,1,,,,,,,,,,,
ピテラ配合,1,,,,,,,,,,,
統一,1,,,,,,,,,,,
ところ発色,1,,,,,,,,,,,
無香料自分,1,,,,,,,,,,,
それ以来,1,,,,,,,,,,,
?（パール感,1,,,,,,,,,,,
安定粉,1,,,,,,,,,,,
あとケース,1,,,,,,,,,,,
くるみ,1,,,,,,,,,,,
ぷなのに付け心地,1,,,,,,,,,,,
価格薄付,1,,,,,,,,,,,
テカリ・,1,,,,,,,,,,,
敏感肌専用,1,,,,,,,,,,,
ブランドの,1,,,,,,,,,,,
箱,1,,,,,,,,,,,
パウダリービジョン,1,,,,,,,,,,,
普遍,1,,,,,,,,,,,
スキンケア自体全部,1,,,,,,,,,,,
通年使用,1,,,,,,,,,,,
上原多香子,1,,,,,,,,,,,
印象的,1,,,,,,,,,,,
長続き,1,,,,,,,,,,,
リッチ,1,,,,,,,,,,,
エイボン,1,,,,,,,,,,,
ペア,1,,,,,,,,,,,
エキス,1,,,,,,,,,,,
人気商品,1,,,,,,,,,,,
塗り感,1,,,,,,,,,,,
幸せ,1,,,,,,,,,,,
すー,1,,,,,,,,,,,
値段相応,1,,,,,,,,,,,
お化粧品,1,,,,,,,,,,,
伸び具合,1,,,,,,,,,,,
2種類,1,,,,,,,,,,,
ムレ,1,,,,,,,,,,,
見え伸び,1,,,,,,,,,,,
化粧負け,1,,,,,,,,,,,
紫外線カット肌,1,,,,,,,,,,,
一回一回,1,,,,,,,,,,,
スゥーッ,1,,,,,,,,,,,
外国,1,,,,,,,,,,,
返品可,1,,,,,,,,,,,
クマ,1,,,,,,,,,,,
口元,1,,,,,,,,,,,
紫外線カバー力,1,,,,,,,,,,,
オーダー,1,,,,,,,,,,,
十年近く,1,,,,,,,,,,,
デザインなじみ具合,1,,,,,,,,,,,
セミマット,1,,,,,,,,,,,
リキッド状,1,,,,,,,,,,,
ほんとう,1,,,,,,,,,,,
自分の,1,,,,,,,,,,,
傾向,1,,,,,,,,,,,
びがよくてカバー,1,,,,,,,,,,,
子持ち,1,,,,,,,,,,,
びのよいところ,1,,,,,,,,,,,
高評価,1,,,,,,,,,,,
CM性,1,,,,,,,,,,,
化粧むら,1,,,,,,,,,,,
女の子,1,,,,,,,,,,,
なじみ塗り,1,,,,,,,,,,,
リニューアル,1,,,,,,,,,,,
横長,1,,,,,,,,,,,
ミネラル成分,1,,,,,,,,,,,
パウダー粒子,1,,,,,,,,,,,
くし,1,,,,,,,,,,,
total,1,,,,,,,,,,,
水ファン,1,,,,,,,,,,,
専用ケース,1,,,,,,,,,,,
化粧ﾉﾘ,1,,,,,,,,,,,
色ツヤ,1,,,,,,,,,,,
あまり違い,1,,,,,,,,,,,
リッキッド,1,,,,,,,,,,,
まわり,1,,,,,,,,,,,
為ナチュラル,1,,,,,,,,,,,
コンビニエンスストア,1,,,,,,,,,,,
コンビニ購入,1,,,,,,,,,,,
市販,1,,,,,,,,,,,
予定,1,,,,,,,,,,,
ことカバー力,1,,,,,,,,,,,
使用可,1,,,,,,,,,,,
技,1,,,,,,,,,,,
立体メイク,1,,,,,,,,,,,
､トラブル,1,,,,,,,,,,,
ツルン,1,,,,,,,,,,,
ワンランクアップ,1,,,,,,,,,,,
去年,1,,,,,,,,,,,
液状タイプ,1,,,,,,,,,,,
びがいいくずれにくい,1,,,,,,,,,,,
下地効果,1,,,,,,,,,,,
使用中,1,,,,,,,,,,,
日焼け予防効果化粧崩れ,1,,,,,,,,,,,
簡易包装,1,,,,,,,,,,,
１回分,1,,,,,,,,,,,
きりタイプ,1,,,,,,,,,,,
ところ長持ち,1,,,,,,,,,,,
通年,1,,,,,,,,,,,
ヴァ,1,,,,,,,,,,,
ノンアルコール,1,,,,,,,,,,,
でこぼこ,1,,,,,,,,,,,
キツイ香り,1,,,,,,,,,,,
かたち,1,,,,,,,,,,,
クリームみたい,1,,,,,,,,,,,
潤い感,1,,,,,,,,,,,
びがいいのと持ち,1,,,,,,,,,,,
もち化粧崩れ,1,,,,,,,,,,,
ところドラッグストア,1,,,,,,,,,,,
クスミ,1,,,,,,,,,,,
時期,1,,,,,,,,,,,
オルビス自体,1,,,,,,,,,,,
ナシ,1,,,,,,,,,,,
病院,1,,,,,,,,,,,
20％オフ,1,,,,,,,,,,,
セザンヌ,1,,,,,,,,,,,
パール粒子,1,,,,,,,,,,,
ニキビだらけ,1,,,,,,,,,,,
ロマンティック,1,,,,,,,,,,,
センス,1,,,,,,,,,,,
コーナー,1,,,,,,,,,,,
ニキビ防止効果,1,,,,,,,,,,,
3ヶ月以上,1,,,,,,,,,,,
上がり,1,,,,,,,,,,,
根拠,1,,,,,,,,,,,
支払方法,1,,,,,,,,,,,
中肌,1,,,,,,,,,,,
パウダー不要,1,,,,,,,,,,,
日焼け止め対策,1,,,,,,,,,,,
ファンケル製品,1,,,,,,,,,,,
ラメ入り,1,,,,,,,,,,,
商品自身,1,,,,,,,,,,,
別々,1,,,,,,,,,,,
雑誌,1,,,,,,,,,,,
組み合わせ,1,,,,,,,,,,,
オレンジスキン,1,,,,,,,,,,,
日焼け止めクリーム,1,,,,,,,,,,,
使用時,1,,,,,,,,,,,
今話題,1,,,,,,,,,,,
こだわり,1,,,,,,,,,,,
ノエビア,1,,,,,,,,,,,
ところかいい,1,,,,,,,,,,,
今使用,1,,,,,,,,,,,
表面,1,,,,,,,,,,,
遠方,1,,,,,,,,,,,
個人,1,,,,,,,,,,,
天然原料,1,,,,,,,,,,,
練りタイプ,1,,,,,,,,,,,
カヴァー力,1,,,,,,,,,,,
今更,1,,,,,,,,,,,
２０年位,1,,,,,,,,,,,
ヒィット感,1,,,,,,,,,,,
ぎとぎとしない,1,,,,,,,,,,,
カバー力抜群,1,,,,,,,,,,,
美,1,,,,,,,,,,,
シミそばかす,1,,,,,,,,,,,
仕上がり｡今,1,,,,,,,,,,,
触感,1,,,,,,,,,,,
不快感,1,,,,,,,,,,,
かさかさ,1,,,,,,,,,,,
洋服,1,,,,,,,,,,,
１０５円(税込),1,,,,,,,,,,,
ところ使い,1,,,,,,,,,,,
無理,1,,,,,,,,,,,
美白対策,1,,,,,,,,,,,
何年間,1,,,,,,,,,,,
最小限,1,,,,,,,,,,,
姉,1,,,,,,,,,,,
リクイド,1,,,,,,,,,,,
化粧モチ,1,,,,,,,,,,,
かく,1,,,,,,,,,,,
ウリ,1,,,,,,,,,,,
結晶崩れ,1,,,,,,,,,,,
為崩れ,1,,,,,,,,,,,
１９８０円,1,,,,,,,,,,,
コッテリ,1,,,,,,,,,,,
微粒,1,,,,,,,,,,,
使い始め,1,,,,,,,,,,,
カジュアル,1,,,,,,,,,,,
格安コスメ,1,,,,,,,,,,,
体感,1,,,,,,,,,,,
伸びがよくうすづきなところ,1,,,,,,,,,,,
びてつきがいい,1,,,,,,,,,,,
渇き,1,,,,,,,,,,,
人みたい,1,,,,,,,,,,,
柄,1,,,,,,,,,,,
タッチ適度,1,,,,,,,,,,,
ササッ,1,,,,,,,,,,,
1ランク,1,,,,,,,,,,,
ＵＶ対応,1,,,,,,,,,,,
ＢＨＴ,1,,,,,,,,,,,
さ伸び,1,,,,,,,,,,,
厚手,1,,,,,,,,,,,
ズナブル,1,,,,,,,,,,,
あと水,1,,,,,,,,,,,
全般的,1,,,,,,,,,,,
ＵＶカット能力,1,,,,,,,,,,,
オウトツ,1,,,,,,,,,,,
要素,1,,,,,,,,,,,
付き･ノビ･持ち,1,,,,,,,,,,,
直接,1,,,,,,,,,,,
オールシーズンOK,1,,,,,,,,,,,
肌むら,1,,,,,,,,,,,
FD,1,,,,,,,,,,,
美顔,1,,,,,,,,,,,
それひとつ,1,,,,,,,,,,,
照明,1,,,,,,,,,,,
ＳＰＦ１５,1,,,,,,,,,,,
欲,1,,,,,,,,,,,
合成,1,,,,,,,,,,,
身だしなみ,1,,,,,,,,,,,
扶洋,1,,,,,,,,,,,
ツルツル,1,,,,,,,,,,,
CM通り肌,1,,,,,,,,,,,
カバー力肌,1,,,,,,,,,,,
一日粉,1,,,,,,,,,,,
１８歳,1,,,,,,,,,,,
びもいいし,1,,,,,,,,,,,
肌全体,1,,,,,,,,,,,
スプレー式,1,,,,,,,,,,,
システム,1,,,,,,,,,,,
オーガニック化粧品,1,,,,,,,,,,,
ところニキビ肌,1,,,,,,,,,,,
国内資本,1,,,,,,,,,,,
なじみ透明感,1,,,,,,,,,,,
み明記,1,,,,,,,,,,,
デザインノリ,1,,,,,,,,,,,
付け過ぎ,1,,,,,,,,,,,
カバーメイク,1,,,,,,,,,,,
シルク配合,1,,,,,,,,,,,
美容成分配合,1,,,,,,,,,,,
びんかん肌,1,,,,,,,,,,,
よけい,1,,,,,,,,,,,
コストバリュー,1,,,,,,,,,,,
黒一色,1,,,,,,,,,,,
リキッドタイプノビ,1,,,,,,,,,,,
使い回し,1,,,,,,,,,,,
ブランド自分,1,,,,,,,,,,,
小泉今日子,1,,,,,,,,,,,
バッグ,1,,,,,,,,,,,
高級化粧品,1,,,,,,,,,,,
品切れ,1,,,,,,,,,,,
使い初め,1,,,,,,,,,,,
感じ自然,1,,,,,,,,,,,
年間通し,1,,,,,,,,,,,
ハイビジョン対応,1,,,,,,,,,,,
カブルこと,1,,,,,,,,,,,
水アリ水ナシ両方,1,,,,,,,,,,,
たび,1,,,,,,,,,,,
ＮＯＶ,1,,,,,,,,,,,
継続,1,,,,,,,,,,,
ぷるぷる感,1,,,,,,,,,,,
日本製,1,,,,,,,,,,,
ところ粒子,1,,,,,,,,,,,
屋内,1,,,,,,,,,,,
無添加紫外線対策,1,,,,,,,,,,,
評価,1,,,,,,,,,,,
仕上がり使い方,1,,,,,,,,,,,
裏,1,,,,,,,,,,,
化粧水後クリーム,1,,,,,,,,,,,
1番カバー力,1,,,,,,,,,,,
乾性,1,,,,,,,,,,,
スキンラスティング,1,,,,,,,,,,,
化学薬品,1,,,,,,,,,,,
オーケー,1,,,,,,,,,,,
直し,1,,,,,,,,,,,
妙,1,,,,,,,,,,,
ＳＰＦ１７,1,,,,,,,,,,,
・色,1,,,,,,,,,,,
かお,1,,,,,,,,,,,
スグレモノ,1,,,,,,,,,,,
開き,1,,,,,,,,,,,
みたい,1,,,,,,,,,,,
調度,1,,,,,,,,,,,
便利スポンジ,1,,,,,,,,,,,
いま,1,,,,,,,,,,,
年齢相応,1,,,,,,,,,,,
づつ,1,,,,,,,,,,,
乾燥気味,1,,,,,,,,,,,
化粧崩れ防止効果,1,,,,,,,,,,,
びがよくて,1,,,,,,,,,,,
オリーブバージンオイル配合,1,,,,,,,,,,,
ょく),1,,,,,,,,,,,
一回ごと,1,,,,,,,,,,,
異様,1,,,,,,,,,,,
有能,1,,,,,,,,,,,
アトピー用,1,,,,,,,,,,,
表現,1,,,,,,,,,,,
105円,1,,,,,,,,,,,
､自然,1,,,,,,,,,,,
ノーマル,1,,,,,,,,,,,
オリーブオイル配合,1,,,,,,,,,,,
ロレアル,1,,,,,,,,,,,
石油系成分,1,,,,,,,,,,,
再生,1,,,,,,,,,,,
水分量,1,,,,,,,,,,,
びがいいのでぬりやすい,1,,,,,,,,,,,
ふう,1,,,,,,,,,,,
しっとり感自然,1,,,,,,,,,,,
自分自身,1,,,,,,,,,,,
使用原料表示,1,,,,,,,,,,,
オリーブオイル,1,,,,,,,,,,,
舞台用,1,,,,,,,,,,,
爽やか,1,,,,,,,,,,,
スーパーマーケット,1,,,,,,,,,,,
点ドラッグストア,1,,,,,,,,,,,
ファンデーシヨン,1,,,,,,,,,,,
大人ニキビ,1,,,,,,,,,,,
アレルギー体質,1,,,,,,,,,,,
こと３０００円,1,,,,,,,,,,,
塗り直し,1,,,,,,,,,,,
気後れ,1,,,,,,,,,,,
アクネケア,1,,,,,,,,,,,
UVカット機能,1,,,,,,,,,,,
3,1,,,,,,,,,,,
かな点,1,,,,,,,,,,,
肌荒れ防止,1,,,,,,,,,,,
ナチュラル仕上げ,1,,,,,,,,,,,
敏感用,1,,,,,,,,,,,
外,1,,,,,,,,,,,
馴染み具合,1,,,,,,,,,,,
アドバイス,1,,,,,,,,,,,
当時,1,,,,,,,,,,,
グレード,1,,,,,,,,,,,
潤い持続,1,,,,,,,,,,,
衣服,1,,,,,,,,,,,
びるうすづきだけどしっかりカバー,1,,,,,,,,,,,
半練りタイプ,1,,,,,,,,,,,
さ?,1,,,,,,,,,,,
自然もち,1,,,,,,,,,,,
話題,1,,,,,,,,,,,
黄色,1,,,,,,,,,,,
シッカリ薄付き,1,,,,,,,,,,,
メチルパラベン,1,,,,,,,,,,,
無し,1,,,,,,,,,,,
色あい,1,,,,,,,,,,,
ところ厚塗り,1,,,,,,,,,,,
補充,1,,,,,,,,,,,
キャンペーン等,1,,,,,,,,,,,
パッチテスト,1,,,,,,,,,,,
UVカット力,1,,,,,,,,,,,
個々,1,,,,,,,,,,,
大衆的,1,,,,,,,,,,,
ことろ,1,,,,,,,,,,,
手ごろもち,1,,,,,,,,,,,
経済,1,,,,,,,,,,,
･･･,1,,,,,,,,,,,
素,1,,,,,,,,,,,
同メーカー,1,,,,,,,,,,,
状,1,,,,,,,,,,,
４２０円,1,,,,,,,,,,,
研究,1,,,,,,,,,,,
らく,1,,,,,,,,,,,
貰い物,1,,,,,,,,,,,
入れ替え,1,,,,,,,,,,,
日本,1,,,,,,,,,,,
ラク,1,,,,,,,,,,,
カバー感,1,,,,,,,,,,,
ところ時間,1,,,,,,,,,,,
これ以上,1,,,,,,,,,,,
感じワンプッシュ,1,,,,,,,,,,,
びのよい所,1,,,,,,,,,,,
ｱﾈｯｻ,1,,,,,,,,,,,
キープ,1,,,,,,,,,,,
びやすくつけやすいこと,1,,,,,,,,,,,
所パッケージ,1,,,,,,,,,,,
透明感つや感,1,,,,,,,,,,,
ＵＶタイプ,1,,,,,,,,,,,
びるううくつけられる,1,,,,,,,,,,,
UVカット機能付き,1,,,,,,,,,,,
パール状,1,,,,,,,,,,,
値段デザイン,1,,,,,,,,,,,
双方共,1,,,,,,,,,,,
24時間,1,,,,,,,,,,,
安価ニキビ用,1,,,,,,,,,,,
収納,1,,,,,,,,,,,
効果的,1,,,,,,,,,,,
出物,1,,,,,,,,,,,
会員価格,1,,,,,,,,,,,
ここの,1,,,,,,,,,,,
費用対効果肌,1,,,,,,,,,,,
とたんパウダー,1,,,,,,,,,,,
ところこれ,1,,,,,,,,,,,
女性誌,1,,,,,,,,,,,
好印象,1,,,,,,,,,,,
１０００円以下,1,,,,,,,,,,,
キレイ毛穴,1,,,,,,,,,,,
UV機能,1,,,,,,,,,,,
宣伝費,1,,,,,,,,,,,
はり,1,,,,,,,,,,,
中間みたい,1,,,,,,,,,,,
ナチョラル,1,,,,,,,,,,,
１００円ショップ,1,,,,,,,,,,,
売り場,1,,,,,,,,,,,
イヤ,1,,,,,,,,,,,
進化,1,,,,,,,,,,,
おトク,1,,,,,,,,,,,
分離タイプ,1,,,,,,,,,,,
ところ化粧,1,,,,,,,,,,,
配色,1,,,,,,,,,,,
発色むら,1,,,,,,,,,,,
ぱー,1,,,,,,,,,,,
付け心地感,1,,,,,,,,,,,
１日中崩れ,1,,,,,,,,,,,
自身,1,,,,,,,,,,,
同商品,1,,,,,,,,,,,
夏冬兼用,1,,,,,,,,,,,
手入れ,1,,,,,,,,,,,
お付き合い,1,,,,,,,,,,,
オーダーメイド,1,,,,,,,,,,,
お得感,1,,,,,,,,,,,
常盤貴子さん,1,,,,,,,,,,,
スポーツファンディーション,1,,,,,,,,,,,
触れ込み,1,,,,,,,,,,,
重ね,1,,,,,,,,,,,
リーズナブル､容器,1,,,,,,,,,,,
負担感,1,,,,,,,,,,,
素肌みたい,1,,,,,,,,,,,
ブロンズ肌,1,,,,,,,,,,,
松たかこさん,1,,,,,,,,,,,
ジェルファンデーション,1,,,,,,,,,,,
長期間,1,,,,,,,,,,,
薄づきタイプ,1,,,,,,,,,,,
アテニア・・・,1,,,,,,,,,,,
リキッドタイプ美容液配合,1,,,,,,,,,,,
安価天然素材,1,,,,,,,,,,,
顔面,1,,,,,,,,,,,
光拡散作用,1,,,,,,,,,,,
基礎,1,,,,,,,,,,,
､長時間,1,,,,,,,,,,,
2段つけ,1,,,,,,,,,,,
写真映り,1,,,,,,,,,,,
ダブル使い,1,,,,,,,,,,,
息,1,,,,,,,,,,,
ﾃﾞｻﾞｲﾝ,1,,,,,,,,,,,
固形ファンデーション,1,,,,,,,,,,,
.,1,,,,,,,,,,,
ローズ,1,,,,,,,,,,,
2WAY,1,,,,,,,,,,,
香料等,1,,,,,,,,,,,
30%OFF,1,,,,,,,,,,,
ネット注文,1,,,,,,,,,,,
皮膚科医,1,,,,,,,,,,,
スベスベ感,1,,,,,,,,,,,
アトピー感,1,,,,,,,,,,,
成分すべて,1,,,,,,,,,,,
姿勢,1,,,,,,,,,,,
仕上がり色,1,,,,,,,,,,,
サーッ,1,,,,,,,,,,,
起用,1,,,,,,,,,,,
ファウンデーション,1,,,,,,,,,,,
仕上がり顔,1,,,,,,,,,,,
万人向け,1,,,,,,,,,,,
カバー力美白力,1,,,,,,,,,,,
ホワイティア・・・,1,,,,,,,,,,,
･すべすべ,1,,,,,,,,,,,
1年中,1,,,,,,,,,,,
仕上がりぐあい,1,,,,,,,,,,,
ＣＭどおり洗顔あとスベスベ,1,,,,,,,,,,,
矢田あきこ,1,,,,,,,,,,,
購入商品,1,,,,,,,,,,,
配合物,1,,,,,,,,,,,
サラx２,1,,,,,,,,,,,
チューブ,1,,,,,,,,,,,
さげ,1,,,,,,,,,,,
ところすべて,1,,,,,,,,,,,
スプレータイプ,1,,,,,,,,,,,
サージ,1,,,,,,,,,,,
お勧め,1,,,,,,,,,,,
ブランド感,1,,,,,,,,,,,
霧,1,,,,,,,,,,,
圧付き,1,,,,,,,,,,,
好き｡,1,,,,,,,,,,,
美容液ファンデーション,1,,,,,,,,,,,
一個4000円,1,,,,,,,,,,,
大抵,1,,,,,,,,,,,
リブ・タイラー,1,,,,,,,,,,,
ﾉｰメイク,1,,,,,,,,,,,
塗りごこち,1,,,,,,,,,,,
メイン,1,,,,,,,,,,,
ルース,1,,,,,,,,,,,
乳化,1,,,,,,,,,,,
化学製品,1,,,,,,,,,,,
しっとり感成,1,,,,,,,,,,,
自然カバー力,1,,,,,,,,,,,
使用成分,1,,,,,,,,,,,
ローソン,1,,,,,,,,,,,
びがすごくいい,1,,,,,,,,,,,
かさつきがち,1,,,,,,,,,,,
落ち着き,1,,,,,,,,,,,
付けごこち,1,,,,,,,,,,,
無添加薄付きＳＰＦ,1,,,,,,,,,,,
ＵＶ値,1,,,,,,,,,,,
<スッピン,1,,,,,,,,,,,
相生,1,,,,,,,,,,,
ところデザインブランド,1,,,,,,,,,,,
ガ,1,,,,,,,,,,,
医者,1,,,,,,,,,,,
発表,1,,,,,,,,,,,
加藤愛,1,,,,,,,,,,,
ポイント制,1,,,,,,,,,,,
気楽さ,1,,,,,,,,,,,
名前,1,,,,,,,,,,,
UV防止効果,1,,,,,,,,,,,
１，０００円以上,1,,,,,,,,,,,
･,1,,,,,,,,,,,
値引き,1,,,,,,,,,,,
口,1,,,,,,,,,,,
ゴールド,1,,,,,,,,,,,
歯,1,,,,,,,,,,,
アルコール等使用,1,,,,,,,,,,,
同年代,1,,,,,,,,,,,
ベタッ,1,,,,,,,,,,,
SPF18,1,,,,,,,,,,,
わたし,1,,,,,,,,,,,
ライン上,1,,,,,,,,,,,
壁,1,,,,,,,,,,,
化粧水養分入り,1,,,,,,,,,,,
真珠,1,,,,,,,,,,,
ロングセラー,1,,,,,,,,,,,
レヒィル,1,,,,,,,,,,,
TゾーンUゾーン,1,,,,,,,,,,,
総合的,1,,,,,,,,,,,
合成分,1,,,,,,,,,,,
化粧水タイプ,1,,,,,,,,,,,
万能,1,,,,,,,,,,,
綺麗ケース,1,,,,,,,,,,,
エステサロン専売品,1,,,,,,,,,,,
パウダー状,1,,,,,,,,,,,
あたし,1,,,,,,,,,,,
7-8000円,1,,,,,,,,,,,
ビタミンA,1,,,,,,,,,,,
好き香り,1,,,,,,,,,,,
約３年,1,,,,,,,,,,,
金色,1,,,,,,,,,,,
1日,1,,,,,,,,,,,
劇的,1,,,,,,,,,,,
高級感高品質使用,1,,,,,,,,,,,
重点,1,,,,,,,,,,,
肌荒れ等,1,,,,,,,,,,,
ひと塗り,1,,,,,,,,,,,
(顔,1,,,,,,,,,,,
(自分,1,,,,,,,,,,,
かささ,1,,,,,,,,,,,
大幅,1,,,,,,,,,,,
落とし,1,,,,,,,,,,,
液体タイプ,1,,,,,,,,,,,
化粧品特有,1,,,,,,,,,,,
位長持ち,1,,,,,,,,,,,
(パラベン等),1,,,,,,,,,,,
est,1,,,,,,,,,,,
化粧品売り場,1,,,,,,,,,,,
同時使用,1,,,,,,,,,,,
紫外線カット率,1,,,,,,,,,,,
顔料,1,,,,,,,,,,,
元通り,1,,,,,,,,,,,
親,1,,,,,,,,,,,
ブラック,1,,,,,,,,,,,
100％オイルカット,1,,,,,,,,,,,
バーナル,1,,,,,,,,,,,
水玉模様,1,,,,,,,,,,,
無石油製品,1,,,,,,,,,,,
UVカットシリーズ,1,,,,,,,,,,,
低コスト,1,,,,,,,,,,,
あとコンパクト,1,,,,,,,,,,,
使用後肌,1,,,,,,,,,,,
素敵,1,,,,,,,,,,,
決め細やか,1,,,,,,,,,,,
防腐剤,1,,,,,,,,,,,
返品交換,1,,,,,,,,,,,
肌状況,1,,,,,,,,,,,
二層式,1,,,,,,,,,,,
小分けパック,1,,,,,,,,,,,
メルティタッチ,1,,,,,,,,,,,
それ以外,1,,,,,,,,,,,
つくり,1,,,,,,,,,,,
２５ｇ,1,,,,,,,,,,,
最先端コスメ,1,,,,,,,,,,,
､,1,,,,,,,,,,,
テ力リ,1,,,,,,,,,,,
斑,1,,,,,,,,,,,
コンビ二,1,,,,,,,,,,,
手ごろ美容部員さん,1,,,,,,,,,,,
ール,1,,,,,,,,,,,
サプリメント,1,,,,,,,,,,,
ファンケル派,1,,,,,,,,,,,
PAとも,1,,,,,,,,,,,
痕,1,,,,,,,,,,,
炎症,1,,,,,,,,,,,
液体状,1,,,,,,,,,,,
オーソドックス,1,,,,,,,,,,,
３か月ごと,1,,,,,,,,,,,
カーバー,1,,,,,,,,,,,
後透明感,1,,,,,,,,,,,
びがよくてよれない,1,,,,,,,,,,,
文句,1,,,,,,,,,,,
ホワイトニング,1,,,,,,,,,,,
敏感対応,1,,,,,,,,,,,
特別他,1,,,,,,,,,,,
お徳,1,,,,,,,,,,,
好き色合い,1,,,,,,,,,,,
化粧自体,1,,,,,,,,,,,
五年,1,,,,,,,,,,,
さリキッド,1,,,,,,,,,,,
紫外線効果,1,,,,,,,,,,,
ニキビ肌用,1,,,,,,,,,,,
エステ先,1,,,,,,,,,,,
反応,1,,,,,,,,,,,
半練り状,1,,,,,,,,,,,
処,1,,,,,,,,,,,
大体,1,,,,,,,,,,,
30分,1,,,,,,,,,,,
良心的,1,,,,,,,,,,,
マル,1,,,,,,,,,,,
日焼止め効果,1,,,,,,,,,,,
ミューズ,1,,,,,,,,,,,
ゾーン,1,,,,,,,,,,,
リッキドタイプ,1,,,,,,,,,,,
ワンプッシュ,1,,,,,,,,,,,
ステキ,1,,,,,,,,,,,
有名ブランド物,1,,,,,,,,,,,
友人等,1,,,,,,,,,,,
一流メーカー,1,,,,,,,,,,,
ホント,1,,,,,,,,,,,
定番,1,,,,,,,,,,,
美容液入りリキッドファンデーション,1,,,,,,,,,,,
コンディション,1,,,,,,,,,,,
紫外線カット機能,1,,,,,,,,,,,
かぶれ,1,,,,,,,,,,,
タルク,1,,,,,,,,,,,
単独,1,,,,,,,,,,,
数年,1,,,,,,,,,,,
ファンデーション以外,1,,,,,,,,,,,
ワントーン色白,1,,,,,,,,,,,
出方,1,,,,,,,,,,,
人気,1,,,,,,,,,,,
夏用ファンデーション,1,,,,,,,,,,,
対象年齢,1,,,,,,,,,,,
装飾,1,,,,,,,,,,,
石油系界面活性剤,1,,,,,,,,,,,
後悔,1,,,,,,,,,,,
一流ブランド,1,,,,,,,,,,,
選択肢,1,,,,,,,,,,,
ベビー,1,,,,,,,,,,,
家,1,,,,,,,,,,,
マット系,1,,,,,,,,,,,
お化粧のり,1,,,,,,,,,,,
端正,1,,,,,,,,,,,
細部,1,,,,,,,,,,,
テニス得,1,,,,,,,,,,,
クチコミ,1,,,,,,,,,,,
リキッドﾌｧﾝﾃﾞｰｼｮﾝ,1,,,,,,,,,,,
ム,1,,,,,,,,,,,
(肌荒れ,1,,,,,,,,,,,
位,1,,,,,,,,,,,
事前,1,,,,,,,,,,,
肌艶,1,,,,,,,,,,,
５年以上,1,,,,,,,,,,,
リキッド状ファンデーション,1,,,,,,,,,,,
痛み,1,,,,,,,,,,,
小皺,1,,,,,,,,,,,
パクトケース,1,,,,,,,,,,,
丈夫,1,,,,,,,,,,,
カワイイ薄つき,1,,,,,,,,,,,
ファンデーションノつき,1,,,,,,,,,,,
親しみ,1,,,,,,,,,,,
かばん,1,,,,,,,,,,,
加減,1,,,,,,,,,,,
今はやり,1,,,,,,,,,,,
クリーム上,1,,,,,,,,,,,
ガサガサ,1,,,,,,,,,,,
あとＣＭ,1,,,,,,,,,,,
マキアージュ・・・毛穴,1,,,,,,,,,,,
二度洗い,1,,,,,,,,,,,
志向,1,,,,,,,,,,,
ＤＳ,1,,,,,,,,,,,
穂,1,,,,,,,,,,,
色つき,1,,,,,,,,,,,
外国産,1,,,,,,,,,,,
不自然さ,1,,,,,,,,,,,
イエロー系,1,,,,,,,,,,,
限り合成成分,1,,,,,,,,,,,
訳,1,,,,,,,,,,,
粉ふか,1,,,,,,,,,,,
シミ等,1,,,,,,,,,,,
柔らか,1,,,,,,,,,,,
自然感覚,1,,,,,,,,,,,
ボディショップブランド,1,,,,,,,,,,,
むら付き,1,,,,,,,,,,,
いただきもの,1,,,,,,,,,,,
肌表面,1,,,,,,,,,,,
パール入り,1,,,,,,,,,,,
一枚づつ,1,,,,,,,,,,,
すっぴん,1,,,,,,,,,,,
ｹｰｷみたい,1,,,,,,,,,,,
セルフコスメ,1,,,,,,,,,,,
マットタイプ,1,,,,,,,,,,,
びがよくて化粧崩れ,1,,,,,,,,,,,
激安,1,,,,,,,,,,,
メーカーみたい,1,,,,,,,,,,,
おし,1,,,,,,,,,,,
購入価格,1,,,,,,,,,,,
商品開発,1,,,,,,,,,,,
白め,1,,,,,,,,,,,
無駄二乾燥,1,,,,,,,,,,,
パールみたい,1,,,,,,,,,,,
びがよいほかよりてかりにくい,1,,,,,,,,,,,
ナチュラルカラー,1,,,,,,,,,,,
輝き,1,,,,,,,,,,,
クリーム系,1,,,,,,,,,,,
挑戦,1,,,,,,,,,,,
好き透明感,1,,,,,,,,,,,
化粧浮,1,,,,,,,,,,,
生協仕様,1,,,,,,,,,,,
粉白粉,1,,,,,,,,,,,
さつい,1,,,,,,,,,,,
薄づき好き,1,,,,,,,,,,,
自分肌,1,,,,,,,,,,,
ＵＶ対策,1,,,,,,,,,,,
ミントグリーン,1,,,,,,,,,,,
膚,1,,,,,,,,,,,
説明,1,,,,,,,,,,,
浸透,1,,,,,,,,,,,
優秀,1,,,,,,,,,,,
指定,1,,,,,,,,,,,
コンパクトサイズ,1,,,,,,,,,,,
１０数年前,1,,,,,,,,,,,
テレビＣＭ,1,,,,,,,,,,,
ジョンアップ,1,,,,,,,,,,,
買得,1,,,,,,,,,,,
化粧品会社内,1,,,,,,,,,,,
クリーミー,1,,,,,,,,,,,
ｶﾊﾞｰ,1,,,,,,,,,,,
酸化剤,1,,,,,,,,,,,
セブンイレブン,1,,,,,,,,,,,
異常,1,,,,,,,,,,,
びがよいしっとりしている,1,,,,,,,,,,,
２色,1,,,,,,,,,,,
ジェル,1,,,,,,,,,,,
ケース等,1,,,,,,,,,,,
コエンザイム配合,1,,,,,,,,,,,
元気,1,,,,,,,,,,,
エリクシール,1,,,,,,,,,,,
2Way肌,1,,,,,,,,,,,
びやつきがよくカバー力,1,,,,,,,,,,,
遜色,1,,,,,,,,,,,
お買い得価格,1,,,,,,,,,,,
フタ,1,,,,,,,,,,,
好き匂い,1,,,,,,,,,,,
すみ,1,,,,,,,,,,,
角,1,,,,,,,,,,,
コンシーらー,1,,,,,,,,,,,
松嶋菜々子さん,1,,,,,,,,,,,
ＵＶカット成分,1,,,,,,,,,,,
7色パール,1,,,,,,,,,,,
松さん,1,,,,,,,,,,,
びやつきがよい,1,,,,,,,,,,,
購入店,1,,,,,,,,,,,
２,1,,,,,,,,,,,
リ,1,,,,,,,,,,,
ユーヴィーカット,1,,,,,,,,,,,
♪）ところ,1,,,,,,,,,,,
色デザイン,1,,,,,,,,,,,
粘土みたい,1,,,,,,,,,,,
何千円,1,,,,,,,,,,,
添加,1,,,,,,,,,,,
リフトゥール,1,,,,,,,,,,,
安全そう,1,,,,,,,,,,,
オイルカットニキビ,1,,,,,,,,,,,
一日中化粧,1,,,,,,,,,,,
絶妙,1,,,,,,,,,,,
リキッド系,1,,,,,,,,,,,
GOOD,1,,,,,,,,,,,
価格仕上がり,1,,,,,,,,,,,
徹底的,1,,,,,,,,,,,
らいところ,1,,,,,,,,,,,
有効,1,,,,,,,,,,,
ため安心感,1,,,,,,,,,,,
ok,1,,,,,,,,,,,
SPF15,1,,,,,,,,,,,
メイクアップ,1,,,,,,,,,,,
天然由来成分,1,,,,,,,,,,,
夏限定,1,,,,,,,,,,,
化粧品販売,1,,,,,,,,,,,
ブランド的,1,,,,,,,,,,,
ストレス,1,,,,,,,,,,,
ガード,1,,,,,,,,,,,
固形パウダー,1,,,,,,,,,,,
防止効果,1,,,,,,,,,,,
ノンケミカル,1,,,,,,,,,,,
ならい,1,,,,,,,,,,,
化粧直しパウダー代わり,1,,,,,,,,,,,
上位,1,,,,,,,,,,,
空気,1,,,,,,,,,,,
和風,1,,,,,,,,,,,
デパート,1,,,,,,,,,,,
エッセンス,1,,,,,,,,,,,
年代別,1,,,,,,,,,,,
あと美容液,1,,,,,,,,,,,
タつき,1,,,,,,,,,,,
自然的,1,,,,,,,,,,,
話題性,1,,,,,,,,,,,
美容室,1,,,,,,,,,,,
固形クリーム状,1,,,,,,,,,,,
四季,1,,,,,,,,,,,
ベト,1,,,,,,,,,,,
屋外,1,,,,,,,,,,,
黄味,1,,,,,,,,,,,
エイジレス,1,,,,,,,,,,,
桃井かおり,1,,,,,,,,,,,
レヴューシリーズ,1,,,,,,,,,,,
ゅうしました,1,,,,,,,,,,,
ミルキー,1,,,,,,,,,,,
ゲル,1,,,,,,,,,,,
光パウダー,1,,,,,,,,,,,
お世話,1,,,,,,,,,,,
超乾燥肌,1,,,,,,,,,,,
ナチュラル仕上げ伸び,1,,,,,,,,,,,
日本人向け,1,,,,,,,,,,,
SPFつき,1,,,,,,,,,,,
半日,1,,,,,,,,,,,
最低限,1,,,,,,,,,,,
かなり,1,,,,,,,,,,,
デザインＳＰＥ,1,,,,,,,,,,,
好嫌い,1,,,,,,,,,,,
人体,1,,,,,,,,,,,
質感透明感コンパクト,1,,,,,,,,,,,
癖,1,,,,,,,,,,,
リサージ,1,,,,,,,,,,,
ドクターズコスメ,1,,,,,,,,,,,
漢方,1,,,,,,,,,,,
化粧後,1,,,,,,,,,,,
材質,1,,,,,,,,,,,
あと自然,1,,,,,,,,,,,
買い物,1,,,,,,,,,,,
薄づき感,1,,,,,,,,,,,
カバー力透明感,1,,,,,,,,,,,
石油系鉱物油,1,,,,,,,,,,,
海洋深層水使用,1,,,,,,,,,,,
薄月つき,1,,,,,,,,,,,
筆,1,,,,,,,,,,,
いしもち,1,,,,,,,,,,,
妹,1,,,,,,,,,,,
100%オイルカット,1,,,,,,,,,,,
形態,1,,,,,,,,,,,
普通の,1,,,,,,,,,,,
適量乾燥,1,,,,,,,,,,,
度,1,,,,,,,,,,,
下着,1,,,,,,,,,,,
ぁまぁかえるねだん,1,,,,,,,,,,,
夏冬両用,1,,,,,,,,,,,
カウンセリング,1,,,,,,,,,,,
多く,1,,,,,,,,,,,
お手ごろ値段,1,,,,,,,,,,,
ツッパリ感,1,,,,,,,,,,,
極め,1,,,,,,,,,,,
老化,1,,,,,,,,,,,
uvカット,1,,,,,,,,,,,
美容部員さん,1,,,,,,,,,,,
個人配達,1,,,,,,,,,,,
噴霧,1,,,,,,,,,,,
鮮やか,1,,,,,,,,,,,
粉末タイプ,1,,,,,,,,,,,
密着効果,1,,,,,,,,,,,
ホワイトニング機能,1,,,,,,,,,,,
周囲,1,,,,,,,,,,,
どろどろ,1,,,,,,,,,,,
つくし,1,,,,,,,,,,,
メイク落とし,1,,,,,,,,,,,
ファンデー,1,,,,,,,,,,,
仕上り時間,1,,,,,,,,,,,
材料,1,,,,,,,,,,,
オールシーズン共用,1,,,,,,,,,,,
汗水,1,,,,,,,,,,,
点UVカット使用,1,,,,,,,,,,,
オイルフリー処方,1,,,,,,,,,,,
アレルギーテスト済,1,,,,,,,,,,,
サービス,1,,,,,,,,,,,
ブランド全体,1,,,,,,,,,,,
出具合,1,,,,,,,,,,,
無,1,,,,,,,,,,,
以外,1,,,,,,,,,,,
再利用,1,,,,,,,,,,,
カネボウ化粧品,1,,,,,,,,,,,
自然つき,1,,,,,,,,,,,
ネットショップ,1,,,,,,,,,,,
高級そう,1,,,,,,,,,,,
ハイドロキノン誘導体配合,1,,,,,,,,,,,
クリームファン,1,,,,,,,,,,,
手抜き,1,,,,,,,,,,,
漢方薬,1,,,,,,,,,,,
ヒット,1,,,,,,,,,,,
大変満足,1,,,,,,,,,,,
フレッシェル,1,,,,,,,,,,,
/,1,,,,,,,,,,,
店舗,1,,,,,,,,,,,
春,1,,,,,,,,,,,
カネボウ商品,1,,,,,,,,,,,
シーズン毎,1,,,,,,,,,,,
夜,1,,,,,,,,,,,
UVｶｯﾄ・,1,,,,,,,,,,,
分優れ,1,,,,,,,,,,,
ノンコメドジェニック,1,,,,,,,,,,,
スムースジェルファンデーション,1,,,,,,,,,,,
安目,1,,,,,,,,,,,
肌ﾄﾗﾌﾞﾙ,1,,,,,,,,,,,
一年中,1,,,,,,,,,,,
ブランドイメージ自体,1,,,,,,,,,,,
なじみ感,1,,,,,,,,,,,
為購入,1,,,,,,,,,,,
カラーコントロール下地,1,,,,,,,,,,,
通信信販売,1,,,,,,,,,,,
コンシーラファンデーション,1,,,,,,,,,,,
大切,1,,,,,,,,,,,
カタログ,1,,,,,,,,,,,
乳児,1,,,,,,,,,,,
びがよくさっと付き,1,,,,,,,,,,,
２０００,1,,,,,,,,,,,
ツーウェイファンデーション,1,,,,,,,,,,,
合成保存料,1,,,,,,,,,,,
割合カバー,1,,,,,,,,,,,
アベンヌ,1,,,,,,,,,,,
紫外線カット効果,1,,,,,,,,,,,
おしゃれカワイイ,1,,,,,,,,,,,
割引率,1,,,,,,,,,,,
大量,1,,,,,,,,,,,
綺麗化粧崩れ,1,,,,,,,,,,,
数,1,,,,,,,,,,,
エアータッチファンデーション,1,,,,,,,,,,,
スクワラン配合,1,,,,,,,,,,,
生活紫外線防止配合,1,,,,,,,,,,,
皮膚生理学的,1,,,,,,,,,,,
オイル成分,1,,,,,,,,,,,
肌浮き,1,,,,,,,,,,,
方法,1,,,,,,,,,,,
!!!,1,,,,,,,,,,,
なじみ化粧,1,,,,,,,,,,,
しんぱい,1,,,,,,,,,,,
びがよくむらになりにくい,1,,,,,,,,,,,
混合肌用,1,,,,,,,,,,,
ＵＶファンディーション,1,,,,,,,,,,,
メジャー,1,,,,,,,,,,,
きれいさ,1,,,,,,,,,,,
確実,1,,,,,,,,,,,
タール色素,1,,,,,,,,,,,
どめ効果,1,,,,,,,,,,,
本来,1,,,,,,,,,,,
ボトルデザイン,1,,,,,,,,,,,
下,1,,,,,,,,,,,
惰性,1,,,,,,,,,,,
きり,1,,,,,,,,,,,
づれにくい,1,,,,,,,,,,,
化粧独特,1,,,,,,,,,,,
加藤あいのCM,1,,,,,,,,,,,
ベージュオークル１１使用中,1,,,,,,,,,,,
何時,1,,,,,,,,,,,
ことケース,1,,,,,,,,,,,
潤い成分,1,,,,,,,,,,,
ベンリ,1,,,,,,,,,,,
5500円,1,,,,,,,,,,,
悪影響,1,,,,,,,,,,,
あまり色,1,,,,,,,,,,,
基礎化粧,1,,,,,,,,,,,
トリートメント,1,,,,,,,,,,,
スマート,1,,,,,,,,,,,
通販化粧品,1,,,,,,,,,,,
日焼,1,,,,,,,,,,,
ＵＶ対策値段,1,,,,,,,,,,,
カバーリング,1,,,,,,,,,,,
びがいいいから,1,,,,,,,,,,,
ケイト,1,,,,,,,,,,,
皮脂崩れ,1,,,,,,,,,,,
装着,1,,,,,,,,,,,
shuuemura,1,,,,,,,,,,,
不使用安心,1,,,,,,,,,,,
ファシオ,1,,,,,,,,,,,
ファンデーションケース,1,,,,,,,,,,,
ぁ,1,,,,,,,,,,,
ＵＶ防止効果,1,,,,,,,,,,,
紫外線吸収体,1,,,,,,,,,,,
テカリ・べたつき,1,,,,,,,,,,,
１０年来,1,,,,,,,,,,,
美容院,1,,,,,,,,,,,
ぴったり,1,,,,,,,,,,,
石けん,1,,,,,,,,,,,
新作,1,,,,,,,,,,,
腕,1,,,,,,,,,,,
水両用タイプ,1,,,,,,,,,,,
ニュースキン,1,,,,,,,,,,,
コンパクトガシンプル,1,,,,,,,,,,,
平ら,1,,,,,,,,,,,
脂肌,1,,,,,,,,,,,
手ごろどこ,1,,,,,,,,,,,
段,1,,,,,,,,,,,
