語, 品詞, 総数
肌, 名詞, 2351
する, 動詞, 1916
ある, 動詞, 1454
なじむ#, 動詞, 1192
安い, 形容詞, 1022
良い, 形容詞, 958
価格#, 代表語, 876
いい, 形容詞, 799
カバー力, 複合語, 785
よい, 形容詞, 739
自然, 名詞, 726
ない, 形容詞, 708
色, 名詞, 685
なる, 動詞, 682
伸び, 名詞, 602
綺麗#, 代表語, 577
使う, 動詞, 551
のびる, 動詞, 530
感じ, 名詞, 484
自分, 名詞, 469
仕上がり, 名詞, 414
手頃#, 代表語, 350
できる, 動詞, 345
しっとり, 副詞, 313
見える, 動詞, 311
よく, 副詞, 310
細かい, 形容詞, 292
薄付き, 複合語, 276
崩れる, 動詞, 260
気に入る, 動詞, 260
仕上がる, 動詞, 256
毛穴, 名詞, 249
つく, 動詞, 247
つける, 動詞, 245
特に, 副詞, 239
透明感, 複合語, 227
軽い, 形容詞, 200
少ない, 形容詞, 197
カバー, 名詞, 192
好き, 名詞, 192
のり, 名詞, 191
くずれる, 動詞, 186
使える, 動詞, 186
優しい, 形容詞, 177
入る, 動詞, 169
さらう, 動詞, 166
無添加, 複合語, 164
塗る, 動詞, 163
ファンデーション, 名詞, 160
化粧崩れ, 複合語, 158
付け心地, 複合語, 158
リキッド, 名詞, 151
無香料, 複合語, 151
ナチュラル, 名詞, 149
ケース, 名詞, 149
所, 名詞, 145
しっかり, 副詞, 145
薄づき, 複合語, 144
つき, 名詞, 137
粉, 名詞, 135
化粧, 名詞, 134
粒子, 名詞, 131
薄い, 形容詞, 130
伸びる, 動詞, 127
目立つ, 動詞, 126
とても, 副詞, 124
やさしい, 形容詞, 123
よう, 名詞, 120
買える, 動詞, 117
かわいい, 形容詞, 113
安心, 名詞, 113
きめる, 動詞, 112
使用, 名詞, 112
気, 名詞, 111
つけ心地, 複合語, 110
厚塗り, 複合語, 108
思う, 動詞, 100
高い, 形容詞, 99
負担, 名詞, 96
ノリ, 名詞, 95
汗, 名詞, 93
手軽, 名詞, 93
肌色, 名詞, 89
あまり, 副詞, 89
無い, 形容詞, 87
ムラ, 名詞, 86
強い, 形容詞, 86
うすい, 形容詞, 86
さらさら, 副詞, 84
乾燥, 名詞, 84
パウダー, 名詞, 84
購入, 名詞, 83
素肌, 名詞, 83
敏感肌, 複合語, 83
出来る, 動詞, 83
安価, 名詞, 81
デザイン, 名詞, 81
私, 名詞, 80
持つ, 動詞, 80
保, 名詞, 78
出る, 動詞, 78
付く, 動詞, 77
買う, 動詞, 77
湿る, 動詞, 77
水, 名詞, 76
匂い, 名詞, 75
落ちる, 動詞, 74
もの, 名詞, 73
使い心地, 複合語, 73
荒れる, 動詞, 73
さ, 名詞, 71
づく, 動詞, 71
肌荒れ, 名詞, 70
コンパクト, 名詞, 68
くすむ, 動詞, 68
香り, 名詞, 68
少量, 名詞, 67
点, 名詞, 67
可愛い, 形容詞, 67
リキッドタイプ, 名詞, 65
あう, 動詞, 65
簡単, 名詞, 63
成分, 名詞, 63
感, 名詞, 62
もち, 名詞, 62
キレイ, 名詞, 60
きめ細かい, 形容詞, 60
ずっと, 副詞, 59
品質, 名詞, 59
フィット, 名詞, 57
割, 名詞, 57
明るい, 形容詞, 57
キメる, 動詞, 56
事, 名詞, 56
付き, 名詞, 54
近い, 形容詞, 53
べたつく, 動詞, 53
みえる, 動詞, 53
使用感, 複合語, 53
むら, 名詞, 53
でる, 動詞, 52
わり, 名詞, 52
香料, 名詞, 51
長時間, 名詞, 51
隠れる, 動詞, 51
しみ, 名詞, 49
浮く, 動詞, 49
手, 名詞, 49
シミ, 名詞, 49
隠せる, 動詞, 49
付ける, 動詞, 48
低価格, 複合語, 48
時, 名詞, 47
色味, 複合語, 47
長持ち, 名詞, 46
発色, 名詞, 46
一番, 名詞, 46
時間, 名詞, 46
刺激, 名詞, 45
他, 名詞, 44
サラサラ, 副詞, 44
パッケージ, 名詞, 43
UVカット, 複合語, 43
なんとなく, 副詞, 42
さっぱり, 副詞, 42
におい, 名詞, 42
メーカー, 名詞, 42
隠す, 動詞, 41
割り, 名詞, 41
いる, 動詞, 40
顔, 名詞, 40
ぴったり, 副詞, 39
売る, 動詞, 39
通販, 名詞, 38
肌質, 複合語, 38
化粧直し, 名詞, 38
また, 接続詞, 38
効果, 名詞, 38
力, 名詞, 38
とき, 名詞, 37
感じる, 動詞, 37
塗れる, 動詞, 36
色合い, 名詞, 36
すごい, 形容詞, 36
フィット感, 複合語, 36
よれる, 動詞, 36
かく, 動詞, 36
コンビニ, 名詞, 35
美白効果, 複合語, 35
とくに, 副詞, 34
マット, 名詞, 34
サラッ, 名詞, 34
なめらか, 名詞, 33
経つ, 動詞, 33
ブランド, 名詞, 33
まあ, 副詞, 33
商品, 名詞, 33
なじみ, 名詞, 33
ちょうど, 副詞, 32
弱い, 形容詞, 32
感触, 名詞, 32
白い, 形容詞, 32
厚ぼったい, 形容詞, 32
優れる, 動詞, 31
下地, 名詞, 31
お手ごろ, 複合語, 31
化粧のり, 複合語, 31
オイルフリー, 複合語, 31
きつい, 形容詞, 30
気軽, 名詞, 30
美容液, 複合語, 30
後, 名詞, 30
便利, 名詞, 30
これ, 名詞, 30
トラブル, 名詞, 30
使い慣れる, 動詞, 29
少し, 副詞, 29
肌なじみ, 複合語, 29
ＵＶカット, 複合語, 29
今, 名詞, 29
とこ, 名詞, 29
見せる, 動詞, 29
すき, 名詞, 28
シンプル, 名詞, 28
ぬれる, 動詞, 27
量, 名詞, 27
紫外線, 名詞, 27
かぶれる, 動詞, 27
質感, 名詞, 27
CM, 名詞, 26
いう, 動詞, 26
乾燥肌, 複合語, 26
どこ, 名詞, 26
オールシーズン, 複合語, 26
テカリ, 名詞, 26
化粧品, 複合語, 26
ファン, 名詞, 26
敏感肌用, 複合語, 26
多い, 形容詞, 25
豊富, 名詞, 25
気にいる, 動詞, 25
容器, 名詞, 25
厚い, 形容詞, 25
安全, 名詞, 24
べとつく, 動詞, 24
この, 連体詞, 24
比較的, 副詞, 24
日焼け止め効果, 複合語, 24
リキッドファンデーション, 名詞, 24
同じ, 連体詞, 24
ぬる, 動詞, 24
すぐ, 副詞, 24
たつ, 動詞, 24
方, 名詞, 24
ため, 名詞, 23
しあがる, 動詞, 23
悪い, 形容詞, 22
低刺激, 複合語, 22
厚化粧, 名詞, 22
添加物, 複合語, 22
皮脂, 名詞, 22
クリームタイプ, 複合語, 22
質, 名詞, 22
つや, 名詞, 22
すむ, 動詞, 21
カラー, 名詞, 21
ドラッグストア, 名詞, 21
かかる, 動詞, 21
結構, 副詞, 21
ＣＭ, 名詞, 20
薄つき, 複合語, 20
なれる, 動詞, 20
作る, 動詞, 20
易い, 形容詞, 20
選ぶ, 動詞, 20
いつも, 副詞, 20
ＵＶ効果, 複合語, 20
つけごこち, 複合語, 19
メイク, 名詞, 19
上, 名詞, 19
潤い, 名詞, 19
昔, 名詞, 19
試す, 動詞, 18
長年, 名詞, 18
高級感, 複合語, 18
違う, 動詞, 18
心地, 名詞, 18
顔色, 名詞, 18
わかる, 動詞, 18
以前, 名詞, 18
薄, 名詞, 18
言う, 動詞, 18
滑らか, 名詞, 18
のる, 動詞, 18
つかう, 動詞, 17
選べる, 動詞, 17
その, 連体詞, 17
消える, 動詞, 17
やすい, 形容詞, 17
そう, 名詞, 17
パール, 名詞, 17
お手頃, 複合語, 17
適度, 名詞, 17
そばかす, 名詞, 17
密着, 名詞, 17
とにかく, 副詞, 17
素肌感, 複合語, 17
汚い, 形容詞, 17
何となく, 副詞, 17
にきび, 名詞, 16
お肌, 複合語, 16
お手ごろ価格, 複合語, 16
うすずく, 動詞, 16
ニキビ, 名詞, 16
かなり, 副詞, 16
着ける, 動詞, 16
かゆい, 形容詞, 16
信頼, 名詞, 16
楽, 名詞, 16
パフ, 名詞, 16
資生堂, 名詞, 16
すっと, 副詞, 16
防ぐ, 動詞, 16
キラキラ, 副詞, 16
含む, 動詞, 16
安心感, 複合語, 15
スーパー, 名詞, 15
油, 名詞, 15
重い, 形容詞, 15
人, 名詞, 15
変える, 動詞, 15
濃い, 形容詞, 15
あと, 名詞, 15
重ねる, 動詞, 15
愛用, 名詞, 15
大丈夫, 名詞, 15
見た目, 名詞, 15
さらり, 副詞, 15
油分, 名詞, 15
薄付, 複合語, 15
天然成分, 複合語, 15
ご, 接頭詞, 15
小さい, 形容詞, 15
サラサラ感, 複合語, 15
種類, 名詞, 14
一緒, 名詞, 14
かさ, 名詞, 14
リーズナブル, 名詞, 14
さそう, 複合語, 14
不使用, 複合語, 14
長い, 形容詞, 14
ほとんど, 副詞, 14
使い, 名詞, 14
白, 名詞, 14
きちんと, 副詞, 14
イメージ, 名詞, 14
光, 名詞, 14
肌トラブル, 複合語, 14
夏, 名詞, 14
ちゃんと, 副詞, 13
化粧水, 複合語, 13
済む, 動詞, 13
臭い, 形容詞, 13
合わせる, 動詞, 13
化粧持ち, 複合語, 13
それ, 名詞, 13
季節, 名詞, 13
普通, 名詞, 13
痒い, 形容詞, 13
中, 名詞, 13
日焼け止め, 複合語, 13
日焼け, 名詞, 13
皮膚呼吸, 複合語, 13
みせる, 動詞, 12
しっとり感, 複合語, 12
つけ, 名詞, 12
金額, 名詞, 12
ノビ, 名詞, 12
パウダータイプ, 複合語, 12
延び, 名詞, 12
落とす, 動詞, 12
持続, 名詞, 12
こまかい, 形容詞, 12
夏用, 複合語, 12
ラメ, 名詞, 12
ごち, 複合語, 12
かんじる, 動詞, 12
たくさん, 名詞, 12
基礎化粧品, 複合語, 12
紫外線対策, 複合語, 12
大きい, 形容詞, 12
潤う, 動詞, 12
イイ, 形容詞, 11
勧める, 動詞, 11
くる, 動詞, 11
光る, 動詞, 11
はいる, 動詞, 11
べたべた, 副詞, 11
違和感, 名詞, 11
ツヤ感, 複合語, 11
吸う, 動詞, 11
臭い, 名詞, 11
UV, 名詞, 11
詰め替える, 動詞, 11
有る, 動詞, 11
機能, 名詞, 11
ベタベタ, 副詞, 11
美白, 複合語, 11
見る, 動詞, 11
調子, 名詞, 11
オイルカット, 複合語, 11
紫外線カット, 複合語, 11
物, 名詞, 11
一年中, 名詞, 11
おしゃれ, 名詞, 11
変わる, 動詞, 11
自然派化粧品, 複合語, 10
両方, 名詞, 10
ツヤ, 名詞, 10
サンプル, 名詞, 10
形, 名詞, 10
そんなに, 副詞, 10
ナチュラル感, 複合語, 10
ファンデ, 名詞, 10
赤ちゃん, 名詞, 10
肌触り, 名詞, 10
配合, 名詞, 10
ん, 名詞, 10
乗る, 動詞, 10
近く, 名詞, 10
クリーム状, 複合語, 10
気持ち, 名詞, 10
原料, 名詞, 10
カバ, 名詞, 10
いつ, 名詞, 10
自然化粧品, 複合語, 10
スポンジ, 名詞, 10
別に, 副詞, 10
気持ちいい, 形容詞, 10
評判, 名詞, 10
あり, 動詞, 10
具合, 名詞, 10
製品, 名詞, 10
素肌感覚, 複合語, 10
程よい, 形容詞, 10
赤み, 名詞, 10
手間, 名詞, 10
柔らかい, 形容詞, 10
テカら, 複合語, 10
使い勝手, 名詞, 10
いかにも, 副詞, 9
圧迫感, 複合語, 9
比べる, 動詞, 9
夏場, 名詞, 9
着く, 動詞, 9
指定成分, 複合語, 9
ある程度, 副詞, 9
てか, 接続詞, 9
併用, 名詞, 9
整う, 動詞, 9
無油分, 複合語, 9
ＵＶケア, 複合語, 9
べたつき, 複合語, 9
問題, 名詞, 9
用, 名詞, 9
抑える, 動詞, 9
化粧もち, 複合語, 9
パクト, 名詞, 9
にくい, 形容詞, 9
お手頃価格, 複合語, 9
ＵＶカット効果, 複合語, 9
自然派, 複合語, 9
スキンケア, 複合語, 9
状態, 名詞, 9
馴染み, 名詞, 9
ウォータープルーフ, 複合語, 9
カワイイ, 名詞, 9
対応, 名詞, 9
鏡, 名詞, 9
色目, 名詞, 9
UVカット効果, 複合語, 9
店員さん, 複合語, 9
ふく, 動詞, 9
UV効果, 複合語, 9
リフィル, 名詞, 9
しかも, 接続詞, 9
そこそこ, 副詞, 9
ニキビ肌, 複合語, 8
まだ, 副詞, 8
パウダーファンデーション, 複合語, 8
無添加化粧品, 複合語, 8
お店, 複合語, 8
行く, 動詞, 8
まぁ, 感動詞, 8
かける, 動詞, 8
素材, 名詞, 8
お気に入り, 名詞, 8
持ち運び, 名詞, 8
塗り心地, 複合語, 8
しわ, 名詞, 8
適当, 名詞, 8
シリーズ, 名詞, 8
めだつ, 動詞, 8
汚れる, 動詞, 8
色々, 副詞, 8
かりる, 動詞, 8
敏感, 名詞, 8
クリーム, 名詞, 8
作れる, 動詞, 8
有名, 名詞, 8
コーセー, 名詞, 8
必要, 名詞, 8
ピッタリ, 副詞, 8
コンパクトケース, 複合語, 8
素顔, 名詞, 8
ノンオイル, 複合語, 8
入れる, 動詞, 8
近所, 名詞, 8
細やか, 名詞, 8
パッケージデザイン, 複合語, 8
ツキ, 名詞, 8
ベタつく, 動詞, 8
呼吸, 名詞, 8
薄化粧, 名詞, 8
色づく, 動詞, 8
テカ, 名詞, 8
入れ物, 名詞, 8
アトピー, 名詞, 8
光沢, 名詞, 8
でも, 接続詞, 8
皮膚, 名詞, 8
スー, 名詞, 8
通信販売, 複合語, 8
両用, 名詞, 8
天然素材, 複合語, 8
なくなる, 動詞, 8
初めて, 副詞, 7
一切, 名詞, 7
新しい, 形容詞, 7
すべすべ, 名詞, 7
無臭, 名詞, 7
バリエーション, 名詞, 7
ふわっと, 副詞, 7
毎回, 名詞, 7
それなり, 名詞, 7
なかなか, 副詞, 7
部分, 名詞, 7
他の, 複合語, 7
スティックタイプ, 複合語, 7
多少, 副詞, 7
抜群, 名詞, 7
体, 名詞, 7
ネット, 名詞, 7
さっと, 副詞, 7
為, 名詞, 7
きらきら, 副詞, 7
全体, 名詞, 7
利用, 名詞, 7
すい, 形容詞, 7
それほど, 副詞, 7
おさえる, 動詞, 7
店頭, 名詞, 7
とっても, 副詞, 7
肌理, 名詞, 7
いろいろ, 副詞, 7
サラ, 名詞, 7
もつ, 動詞, 7
おちる, 動詞, 7
試供品, 複合語, 7
落とせる, 動詞, 7
押さえる, 動詞, 7
酸化, 名詞, 7
液体, 名詞, 7
パウダリー, 名詞, 7
乳液, 名詞, 7
両用タイプ, 複合語, 7
もらう, 動詞, 7
店, 名詞, 7
パサ, 名詞, 6
ケースデザイン, 複合語, 6
微粒子, 名詞, 6
塗り, 名詞, 6
高品質, 複合語, 6
全て, 名詞, 6
せい, 名詞, 6
うまい, 形容詞, 6
そして, 接続詞, 6
どの, 連体詞, 6
石鹸, 名詞, 6
キメ細かい, 形容詞, 6
使いごこち, 複合語, 6
非常, 名詞, 6
早い, 形容詞, 6
カット, 名詞, 6
サイズ, 名詞, 6
厚付き, 複合語, 6
トリートメント効果, 複合語, 6
洗顔, 名詞, 6
出せる, 動詞, 6
普段, 名詞, 6
美容液成分, 複合語, 6
カネボウ, 名詞, 6
扱う, 動詞, 6
何年, 複合語, 6
赤い, 形容詞, 6
あんまり, 副詞, 6
続く, 動詞, 6
全く, 副詞, 6
スキンケア効果, 複合語, 6
ナチュラルメイク, 複合語, 6
ソバカス, 名詞, 6
ところ肌, 複合語, 6
黒い, 形容詞, 6
あわせる, 動詞, 6
可, 名詞, 6
動物実験, 複合語, 6
経済的, 複合語, 6
最後, 名詞, 6
脂, 名詞, 6
前, 名詞, 6
わけ, 名詞, 6
割引, 名詞, 6
処方, 名詞, 6
仕上げ, 名詞, 6
薦める, 動詞, 6
インターネット, 名詞, 6
ピンク, 名詞, 6
毛穴落ち, 複合語, 6
あがる, 動詞, 6
アレルギー, 名詞, 6
プッシュ式, 複合語, 6
お値段, 複合語, 6
起こす, 動詞, 6
つるむ, 動詞, 6
分かれる, 動詞, 6
お化粧, 複合語, 6
息苦しい, 形容詞, 6
色白, 名詞, 6
きめこまかい, 形容詞, 6
感覚, 名詞, 6
仕上がり感, 複合語, 6
やわらかい, 形容詞, 6
販売員, 複合語, 6
くい, 形容詞, 6
伸ばす, 動詞, 6
不可, 名詞, 6
うく, 動詞, 6
割れる, 動詞, 6
ふんわり, 副詞, 6
無難, 名詞, 6
気持ち良い, 形容詞, 5
かさばる, 動詞, 5
良く, 副詞, 5
ツーウェイ, 名詞, 5
防げる, 動詞, 5
水ファンデーション, 複合語, 5
余分, 名詞, 5
格安, 名詞, 5
無鉱物油, 複合語, 5
色むら, 複合語, 5
カーバー力, 複合語, 5
友人, 名詞, 5
美容液入り, 複合語, 5
うるおう, 動詞, 5
女優肌, 複合語, 5
ＳＰＦ, 名詞, 5
印象, 名詞, 5
小じわ, 名詞, 5
相性, 名詞, 5
ゾーン用, 複合語, 5
みる, 動詞, 5
密着度, 複合語, 5
コストパフォーマンス, 名詞, 5
顔全体, 複合語, 5
より, 副詞, 5
宣伝, 名詞, 5
忘れる, 動詞, 5
無香, 複合語, 5
最適, 名詞, 5
艶, 名詞, 5
無着色, 複合語, 5
満足, 名詞, 5
ファンケル, 名詞, 5
美しい, 形容詞, 5
モノ, 名詞, 5
すすめる, 動詞, 5
どちら, 名詞, 5
保湿性, 複合語, 5
アトピー肌, 複合語, 5
健康的, 複合語, 5
大人, 名詞, 5
よる, 動詞, 5
もらえる, 動詞, 5
ものすごい, 形容詞, 5
界面活性剤, 複合語, 5
短時間, 名詞, 5
とれる, 動詞, 5
｡, 名詞, 5
妨げる, 動詞, 5
セット, 名詞, 5
夕方, 名詞, 5
美容液効果, 複合語, 5
ＵＶ, 名詞, 5
周り, 名詞, 5
びがいいところ, 名詞, 5
かくす, 動詞, 5
使い分ける, 動詞, 5
乗せる, 動詞, 5
天然, 名詞, 5
出す, 動詞, 5
服, 名詞, 5
心地よい, 形容詞, 5
乗り, 名詞, 5
惹く, 動詞, 5
価格的, 複合語, 5
すべて, 名詞, 5
分かる, 動詞, 5
ヨレ, 名詞, 5
さら, 名詞, 5
お手軽, 複合語, 5
厚塗り感, 複合語, 5
かくれる, 動詞, 5
タイプ, 名詞, 5
ボトル, 名詞, 5
生協, 複合語, 5
年齢, 名詞, 5
たっぷり, 副詞, 5
化粧ノリ, 複合語, 5
問う, 動詞, 5
すぐれる, 動詞, 5
仕上げる, 動詞, 5
要る, 動詞, 5
そのまま, 副詞, 5
ムース状, 複合語, 5
粉浮き, 複合語, 5
助かる, 動詞, 5
間, 名詞, 5
ー, 名詞, 5
変, 名詞, 5
持ち歩く, 動詞, 5
かん, 名詞, 5
ブランドイメージ, 複合語, 5
均一, 名詞, 5
OK, 名詞, 4
不要, 名詞, 4
ベース, 名詞, 4
サッパリ, 名詞, 4
新商品, 複合語, 4
子供, 名詞, 4
考える, 動詞, 4
しみそばかす, 複合語, 4
ｶﾊﾞｰ力, 複合語, 4
吸収, 名詞, 4
ところ｡, 複合語, 4
反射, 名詞, 4
何より, 副詞, 4
知る, 動詞, 4
化粧浮き, 複合語, 4
つくす, 動詞, 4
化粧品独特, 複合語, 4
必ず, 副詞, 4
あれる, 動詞, 4
コスパ, 複合語, 4
保てる, 動詞, 4
薄付け, 複合語, 4
てごろ, 名詞, 4
日焼け防止, 複合語, 4
大変, 名詞, 4
シャネル, 名詞, 4
もともと, 副詞, 4
のせる, 動詞, 4
重たい, 形容詞, 4
ケア, 名詞, 4
余計, 名詞, 4
パウダーファンデ, 名詞, 4
一日, 複合語, 4
有名ブランド, 名詞, 4
値ごろ感, 複合語, 4
取れる, 動詞, 4
やる, 動詞, 4
起こる, 動詞, 4
一回, 複合語, 4
気分, 名詞, 4
鉱物油, 複合語, 4
石油系, 複合語, 4
期待, 名詞, 4
水性, 名詞, 4
美容成分, 複合語, 4
嫌, 名詞, 4
脂性, 名詞, 4
かゆみ, 名詞, 4
唯一, 名詞, 4
効く, 動詞, 4
お手軽価格, 複合語, 4
好み, 名詞, 4
付, 名詞, 4
手早い, 形容詞, 4
ずーっと, 副詞, 4
ポーチ, 名詞, 4
スティック, 名詞, 4
最近, 名詞, 4
口コミ, 名詞, 4
みずみずしい, 形容詞, 4
薄塗り, 複合語, 4
マッチ, 名詞, 4
進める, 動詞, 4
リキッドファンデ, 名詞, 4
肌付き, 複合語, 4
しみる, 動詞, 4
又, 接続詞, 4
凹凸, 名詞, 4
カサカサ, 名詞, 4
嬉しい, 形容詞, 4
毎日, 名詞, 4
矢田亜希子, 複合語, 4
自然素材, 複合語, 4
立体的, 複合語, 4
頬ずり, 名詞, 4
水溶性, 複合語, 4
崩れ, 名詞, 4
親切, 名詞, 4
立体感, 複合語, 4
感想, 名詞, 4
張り付く, 動詞, 4
つや肌, 複合語, 4
ツヤ肌, 複合語, 4
雰囲気, 名詞, 4
かさかさ, 副詞, 4
触れる, 動詞, 4
注文, 名詞, 4
薄好き, 複合語, 4
しっくり, 副詞, 4
聞く, 動詞, 4
キャンペーン, 名詞, 4
調整, 名詞, 4
すーっ, 副詞, 4
的, 名詞, 4
ここ, 名詞, 4
何処, 名詞, 4
なんと, 副詞, 4
終わる, 動詞, 4
ちょっと, 副詞, 4
ブランド自体, 複合語, 4
一度, 副詞, 4
起きる, 動詞, 4
ぱさつく, 動詞, 4
まず, 副詞, 4
調節, 名詞, 4
いろんな, 連体詞, 4
会社, 名詞, 4
輝く, 動詞, 4
自然体, 名詞, 4
置く, 動詞, 4
頻繁, 名詞, 4
クリニーク, 名詞, 4
日, 名詞, 4
丁度, 副詞, 4
つや感, 複合語, 4
化粧落ち, 複合語, 4
１番, 複合語, 4
減る, 動詞, 4
比較, 名詞, 4
回数, 名詞, 4
毛穴カバー, 複合語, 4
化粧乗り, 複合語, 4
きめ細か, 名詞, 4
入手, 名詞, 4
ところ色, 複合語, 4
ほう, 名詞, 3
艶肌, 複合語, 3
まま, 名詞, 3
もてる, 動詞, 3
慣れる, 動詞, 3
アラ, 名詞, 3
オークル, 名詞, 3
内容, 名詞, 3
つやつや, 副詞, 3
負ける, 動詞, 3
一度, 複合語, 3
引き締まる, 動詞, 3
充実, 名詞, 3
皮膚科, 複合語, 3
目, 名詞, 3
サラリと, 副詞, 3
残る, 動詞, 3
今回, 名詞, 3
お化粧直し, 複合語, 3
嫌い, 名詞, 3
急ぐ, 動詞, 3
際, 名詞, 3
楽しい, 形容詞, 3
沢山, 副詞, 3
まったく, 副詞, 3
詰め替え, 複合語, 3
企業, 名詞, 3
レイシャス, 名詞, 3
クレンジング, 名詞, 3
紫外線防止効果, 複合語, 3
ほお, 名詞, 3
気持ちよい, 形容詞, 3
出かける, 動詞, 3
かわいらしい, 形容詞, 3
かねる, 動詞, 3
延びる, 動詞, 3
一年, 複合語, 3
塗りむら, 複合語, 3
ひんやり, 副詞, 3
バランス, 名詞, 3
実際, 副詞, 3
保存料, 複合語, 3
ＳＰＦ値, 複合語, 3
表情, 名詞, 3
止める, 動詞, 3
タッチ, 名詞, 3
圧塗り, 複合語, 3
調合, 名詞, 3
スル, 名詞, 3
有害物質, 複合語, 3
身体, 名詞, 3
日本人, 名詞, 3
ソフィーナ, 名詞, 3
季節ごと, 複合語, 3
ぴたっと, 副詞, 3
ドラックストア, 名詞, 3
手軽い, 形容詞, 3
かくせる, 動詞, 3
兼ねる, 動詞, 3
テクスチャー, 名詞, 3
色んな, 連体詞, 3
おもう, 動詞, 3
コラーゲン, 名詞, 3
伸ばせる, 動詞, 3
旅行, 名詞, 3
くさい, 形容詞, 3
くま, 名詞, 3
すっきり, 副詞, 3
水化粧, 複合語, 3
地肌, 名詞, 3
かるい, 形容詞, 3
与える, 動詞, 3
落ち着く, 動詞, 3
エマルジョンタイプ, 名詞, 3
特別, 名詞, 3
知名度, 名詞, 3
下地クリーム, 複合語, 3
つよい, 形容詞, 3
らい, 名詞, 3
携帯, 名詞, 3
デリケート, 名詞, 3
安売り, 名詞, 3
オールシーズン使用, 複合語, 3
ニオイ, 名詞, 3
のばす, 動詞, 3
ホワイトニング効果, 複合語, 3
マックスファクター, 複合語, 3
べったり, 副詞, 3
発売, 名詞, 3
原材料, 名詞, 3
１年中, 複合語, 3
朝, 名詞, 3
勧め, 名詞, 3
びがいい, 名詞, 3
nasi, 名詞, 3
母, 名詞, 3
おく, 動詞, 3
他社, 名詞, 3
結果, 名詞, 3
吹き出物, 名詞, 3
ただ, 接続詞, 3
殆ど, 名詞, 3
冬用, 複合語, 3
頬, 名詞, 3
探す, 動詞, 3
くう, 動詞, 3
ため肌, 複合語, 3
女優さん, 複合語, 3
強力, 名詞, 3
カサ, 名詞, 3
使い分け, 名詞, 3
とる, 動詞, 3
意外と, 副詞, 3
水分, 名詞, 3
最初, 名詞, 3
たまたま, 副詞, 3
やはり, 副詞, 3
無くなる, 動詞, 3
うつる, 動詞, 3
そんな, 連体詞, 3
ちる, 動詞, 3
微粒子パウダー, 複合語, 3
来る, 動詞, 3
中身, 名詞, 3
写真, 名詞, 3
失敗, 名詞, 3
肌そのもの, 複合語, 3
ごちがい, 複合語, 3
いく, 動詞, 3
やっぱり, 副詞, 3
皮脂浮き, 複合語, 3
知人, 名詞, 3
オールシーズンタイプ, 複合語, 3
専用, 名詞, 3
スーッ, 副詞, 3
おしろい, 名詞, 3
固形, 名詞, 3
信用, 名詞, 3
年間, 名詞, 3
販売, 名詞, 3
求める, 動詞, 3
ほか, 名詞, 3
安め, 名詞, 3
まとめ買い, 名詞, 3
魅力, 名詞, 3
広がる, 動詞, 3
扱い, 名詞, 3
自由, 名詞, 3
本当に, 副詞, 3
美白成分, 複合語, 3
揃える, 動詞, 3
得, 名詞, 3
付け, 名詞, 3
平気, 名詞, 3
一つ, 名詞, 3
ぜん, 名詞, 3
ほどよい, 形容詞, 3
守る, 動詞, 3
仕上る, 動詞, 3
リキット, 名詞, 3
ゴージャス, 名詞, 3
つかえる, 動詞, 3
パラベン, 名詞, 3
タレント, 名詞, 3
SPF, 名詞, 3
白っぽい, 形容詞, 3
お得, 複合語, 3
♪, 名詞, 3
試せる, 動詞, 3
面倒, 名詞, 3
のばせる, 動詞, 3
揃う, 動詞, 3
可能, 名詞, 3
上品, 名詞, 3
フイット, 名詞, 3
別, 名詞, 3
1番, 複合語, 3
色見, 名詞, 3
様, 名詞, 3
取る, 動詞, 3
店員, 名詞, 3
それでいて, 接続詞, 3
あまり, 名詞, 3
年中, 名詞, 3
肌あれ, 複合語, 3
身近, 名詞, 3
疲れる, 動詞, 3
十分, 名詞, 3
ブランド名, 複合語, 3
ところ自分, 複合語, 3
オイル, 名詞, 3
天然由来, 複合語, 3
併せる, 動詞, 3
暑い, 形容詞, 3
持ち, 名詞, 3
ピタ, 名詞, 3
欲しい, 形容詞, 3
ブルー, 名詞, 3
マット感, 複合語, 3
ところカバー力, 複合語, 3
肌馴染み, 複合語, 3
ライン, 名詞, 3
自然色, 複合語, 2
かさつき, 複合語, 2
丸い, 形容詞, 2
日焼け対策, 複合語, 2
SPF値, 複合語, 2
がち, 名詞, 2
木目, 名詞, 2
使い切る, 動詞, 2
そこそこ, 名詞, 2
キャッチコピー, 複合語, 2
なつく, 動詞, 2
どれ, 名詞, 2
CMキャラクター, 複合語, 2
ニキビ用, 複合語, 2
かわる, 動詞, 2
分る, 動詞, 2
そろえる, 動詞, 2
まあだ, 副詞, 2
ついてる, 動詞, 2
こってり, 副詞, 2
乾く, 動詞, 2
控え目, 名詞, 2
自分好み, 複合語, 2
試し, 名詞, 2
アレルギー肌, 複合語, 2
いや, 名詞, 2
つぶ, 名詞, 2
洗う, 動詞, 2
クリームファンデーション, 複合語, 2
真っ白, 名詞, 2
ほのか, 名詞, 2
日焼け防止効果, 複合語, 2
ニキビ予防, 複合語, 2
一日中, 複合語, 2
一般, 名詞, 2
かえる, 動詞, 2
あつい, 形容詞, 2
重ね付け, 複合語, 2
お値打ち, 複合語, 2
密着感, 複合語, 2
スベスベ, 名詞, 2
透明, 名詞, 2
ショップ, 名詞, 2
書く, 動詞, 2
日焼け止め機能, 複合語, 2
けす, 動詞, 2
みんな, 名詞, 2
ツケ心地, 複合語, 2
買い換える, 動詞, 2
手頃価格, 複合語, 2
そろう, 動詞, 2
冬場, 名詞, 2
擦る, 動詞, 2
冬, 名詞, 2
多め, 名詞, 2
苦しい, 形容詞, 2
手ごろ価格, 複合語, 2
セール, 名詞, 2
鉱物, 名詞, 2
適す, 動詞, 2
友達, 名詞, 2
ら, 名詞, 2
プレゼント, 名詞, 2
解る, 動詞, 2
ハイライト, 名詞, 2
崩れ方, 複合語, 2
スッ, 名詞, 2
余り, 副詞, 2
一塗り, 複合語, 2
リキットタイプ, 名詞, 2
シーズンごと, 複合語, 2
ベッタリ, 副詞, 2
スキンケア成分, 複合語, 2
最高, 名詞, 2
ます, 動詞, 2
(, 名詞, 2
コンパクトタイプ, 複合語, 2
スポーツ, 名詞, 2
なか, 名詞, 2
工夫, 名詞, 2
そう, 副詞, 2
テカラ, 名詞, 2
白浮き, 複合語, 2
ところどこ, 複合語, 2
防止, 名詞, 2
UV対策, 複合語, 2
独特, 名詞, 2
混じる, 動詞, 2
持続性, 複合語, 2
ダイソー, 名詞, 2
鼻, 名詞, 2
日常, 名詞, 2
すべすべ, 副詞, 2
シットリ感, 複合語, 2
抵抗, 名詞, 2
外箱, 複合語, 2
なんとも, 副詞, 2
皺, 名詞, 2
色選び, 複合語, 2
決める, 動詞, 2
オシャレ, 名詞, 2
お洒落, 名詞, 2
オールシーズン対応, 複合語, 2
全部, 名詞, 2
手頃肌, 複合語, 2
とりあえず, 副詞, 2
新鮮, 名詞, 2
ごく, 副詞, 2
割安, 名詞, 2
美容液配合, 複合語, 2
DHC, 名詞, 2
思える, 動詞, 2
1, 名詞, 2
触り心地, 複合語, 2
ナチュラルメーク, 複合語, 2
硬い, 形容詞, 2
ＵＶカット機能, 複合語, 2
ファンデーション特有, 複合語, 2
吹く, 動詞, 2
スティック状, 複合語, 2
有害, 名詞, 2
ピタッ, 副詞, 2
パラベンフリー, 名詞, 2
ムースタイプ, 複合語, 2
果たす, 動詞, 2
仕上り, 名詞, 2
替え, 名詞, 2
信じる, 動詞, 2
多数, 名詞, 2
コレ, 名詞, 2
ろ, 名詞, 2
脂症, 複合語, 2
掛かる, 動詞, 2
花, 名詞, 2
スキ, 名詞, 2
おこす, 動詞, 2
高価, 名詞, 2
パサパサ, 副詞, 2
一応, 副詞, 2
２つ, 名詞, 2
薄着, 名詞, 2
なでる, 動詞, 2
流す, 動詞, 2
にきび肌, 複合語, 2
花王, 名詞, 2
角度, 名詞, 2
付き方, 複合語, 2
魅力的, 複合語, 2
次, 名詞, 2
付け方, 名詞, 2
予防, 名詞, 2
送料無料, 複合語, 2
め, 名詞, 2
あかるい, 形容詞, 2
パラペン, 名詞, 2
表示, 名詞, 2
１つ, 名詞, 2
はがれる, 動詞, 2
奇麗, 名詞, 2
耐水性, 複合語, 2
ゴテゴテ, 名詞, 2
交換, 名詞, 2
せっけん, 名詞, 2
続ける, 動詞, 2
だま, 名詞, 2
妥当, 名詞, 2
場所, 名詞, 2
大抵, 副詞, 2
びがよいところ, 名詞, 2
メーク, 名詞, 2
プラウディア, 名詞, 2
一目, 名詞, 2
カンジ, 名詞, 2
風, 名詞, 2
マシ, 名詞, 2
欠点, 名詞, 2
矢田亜希子さん, 複合語, 2
容量, 名詞, 2
つややか, 名詞, 2
程, 名詞, 2
体質, 名詞, 2
微妙, 名詞, 2
仕上がり具合, 複合語, 2
なめらかさ, 複合語, 2
ナチュナル, 名詞, 2
重宝, 名詞, 2
凸凹, 名詞, 2
UVカット仕様, 複合語, 2
美容効果, 複合語, 2
手触り, 名詞, 2
こだわる, 動詞, 2
華やか, 名詞, 2
オイリー肌, 複合語, 2
知り合い, 名詞, 2
新製品, 複合語, 2
寝る, 動詞, 2
飽きる, 動詞, 2
uv効果, 複合語, 2
ブラシ, 名詞, 2
引く, 動詞, 2
カンタン, 名詞, 2
決め, 名詞, 2
血色, 名詞, 2
かかわる, 動詞, 2
菅野美穂, 複合語, 2
テクニック, 名詞, 2
大, 名詞, 2
アルソア, 名詞, 2
コマーシャル, 名詞, 2
ＯＫ, 名詞, 2
はたく, 動詞, 2
変身, 名詞, 2
若い, 形容詞, 2
付き具合, 複合語, 2
かつ, 接続詞, 2
ニキビ跡, 複合語, 2
暗い, 形容詞, 2
つくる, 動詞, 2
ゴージャス感, 複合語, 2
焼ける, 動詞, 2
味方, 名詞, 2
色移り, 複合語, 2
返品, 名詞, 2
毎年, 名詞, 2
100円, 複合語, 2
当たる, 動詞, 2
パール感, 複合語, 2
首, 名詞, 2
ＤＨＣ, 名詞, 2
ドラッグストアー, 複合語, 2
別売り, 名詞, 2
香, 名詞, 2
使用可能, 複合語, 2
が, 接続詞, 2
ＵＶカット力, 複合語, 2
粗, 名詞, 2
真夏, 名詞, 2
最も, 副詞, 2
かう, 動詞, 2
第一, 複合語, 2
消す, 動詞, 2
陶器肌, 複合語, 2
自然感, 複合語, 2
防腐剤等, 複合語, 2
暑苦しい, 形容詞, 2
後で, 副詞, 2
乾燥ぎみ, 複合語, 2
紫外線防止, 複合語, 2
価格帯, 複合語, 2
ソフト, 名詞, 2
場合, 名詞, 2
使い方, 名詞, 2
おおい, 形容詞, 2
手ごろ肌, 複合語, 2
重ね塗り, 複合語, 2
粉粉, 名詞, 2
つきの, 名詞, 2
こい, 形容詞, 2
モチ, 名詞, 2
お金, 名詞, 2
リキッドみたい, 複合語, 2
全然, 副詞, 2
脂浮き, 複合語, 2
混合肌, 複合語, 2
ヒアルロン酸, 複合語, 2
たま, 名詞, 2
けっこう, 副詞, 2
量販店, 複合語, 2
なす, 動詞, 2
竹内結子, 複合語, 2
かす, 動詞, 2
つくれる, 動詞, 2
きが, 名詞, 2
溶ける, 動詞, 2
紫外線吸収剤, 複合語, 2
同じ, 名詞, 2
シッカリ, 名詞, 2
やっと, 副詞, 2
消せる, 動詞, 2
ファンデーション自体, 複合語, 2
感じ肌, 複合語, 2
ほぼ, 副詞, 2
化学物質, 複合語, 2
ひどい, 形容詞, 2
もう, 副詞, 2
コスメ, 名詞, 2
にきび跡, 複合語, 2
貰う, 動詞, 2
べた, 名詞, 2
やや, 副詞, 2
ワントーン, 複合語, 2
載る, 動詞, 2
水無し両用タイプ, 複合語, 2
１００円, 複合語, 2
クレンジング不要, 複合語, 2
現在, 名詞, 2
づれない, 名詞, 2
また, 副詞, 2
小分け, 名詞, 2
内面, 名詞, 2
何とも, 副詞, 2
痛い, 形容詞, 2
きっかけ, 名詞, 2
シワ, 名詞, 2
粉おしろい, 複合語, 2
吸着, 名詞, 2
取り扱う, 動詞, 2
サラサラ, 複合語, 2
安っぽい, 形容詞, 2
気楽, 名詞, 2
付き心地, 複合語, 2
１年, 複合語, 2
ダマ, 名詞, 2
肌アレ, 複合語, 2
ふわふわ, 副詞, 2
直す, 動詞, 2
愛着, 名詞, 2
マッド, 名詞, 2
色ムラ, 複合語, 2
快適, 名詞, 2
好い, 形容詞, 2
感想肌, 複合語, 2
練り状, 複合語, 2
こまやか, 名詞, 2
ムース, 名詞, 2
つい, 副詞, 2
開発, 名詞, 2
液, 名詞, 2
販売店, 複合語, 2
形状, 名詞, 2
言える, 動詞, 2
伸び肌, 複合語, 2
クリームファンデ, 名詞, 2
色落ち, 複合語, 2
すんなり, 副詞, 2
洗顔料, 複合語, 2
理由, 名詞, 2
映える, 動詞, 2
パッ, 副詞, 2
いくつ, 名詞, 2
午後, 名詞, 2
触る, 動詞, 2
矢田亜希子ちゃん, 複合語, 2
美容員, 複合語, 2
手近, 名詞, 2
とき自然, 複合語, 2
分量, 名詞, 2
自体, 名詞, 2
すく, 動詞, 2
均等, 名詞, 2
あら, 名詞, 2
出来上がる, 動詞, 2
検討中, 複合語, 2
乳液タイプ, 複合語, 2
日常的, 複合語, 2
脂性肌, 複合語, 2
ビン, 名詞, 2
何, 名詞, 2
てがるい, 形容詞, 2
機能的, 複合語, 2
大好き, 名詞, 2
色め, 複合語, 2
両面, 名詞, 2
うい, 形容詞, 2
スティックファンデーション, 複合語, 2
ときサラッ, 複合語, 2
つけたて, 複合語, 2
なおかつ, 副詞, 2
シルク, 名詞, 2
ナノテク, 名詞, 2
無機顔料, 複合語, 2
ちかい, 形容詞, 2
水無し, 複合語, 2
ー力, 複合語, 2
納得, 名詞, 2
飽き, 名詞, 2
化粧下地, 複合語, 2
植物, 名詞, 2
オールシーズン用, 複合語, 2
プレスドパウダー, 名詞, 2
コンセプト, 名詞, 2
そこ, 名詞, 2
高級, 名詞, 2
天然１００％, 複合語, 2
秋冬用, 複合語, 2
あつぼったい, 形容詞, 2
劣る, 動詞, 2
陶器, 名詞, 2
サラット, 名詞, 2
その他, 名詞, 2
丁度, 名詞, 2
頂く, 動詞, 2
まるで, 副詞, 2
バッチリ, 副詞, 2
邪魔, 名詞, 2
肌本来, 複合語, 2
UVケア, 複合語, 2
どんな, 連体詞, 2
様々, 名詞, 2
イメージキャラクター, 複合語, 2
どう, 副詞, 2
かっこよい, 形容詞, 2
ないし, 接続詞, 2
艶感, 複合語, 2
夏向き, 名詞, 2
接客, 名詞, 2
満足感, 複合語, 2
天然成分100％, 複合語, 2
ころ, 名詞, 2
何回, 複合語, 2
ウオータータイプ, 複合語, 2
いろづく, 動詞, 1
一式, 名詞, 1
入れ替える, 動詞, 1
伸びやか, 名詞, 1
学校, 名詞, 1
労, 名詞, 1
届く, 動詞, 1
ベタつき, 複合語, 1
お試し, 複合語, 1
するする, 副詞, 1
ニキビ対応, 複合語, 1
パウダーファン, 複合語, 1
さらさら感, 複合語, 1
､コンパクト, 複合語, 1
もって, 副詞, 1
色味(黄色味), 複合語, 1
酔う, 動詞, 1
敏感性肌, 複合語, 1
自然パウダー, 複合語, 1
オリーブバージンオイル使用, 複合語, 1
しつこい, 形容詞, 1
時代, 名詞, 1
シルキー, 複合語, 1
ケース付き, 複合語, 1
40代, 複合語, 1
ぷるんとした肌, 複合語, 1
時々, 副詞, 1
皮膚トラブル, 複合語, 1
２８％, 複合語, 1
伸びがよいうすづきで, 複合語, 1
愛好者, 複合語, 1
伸びむら, 複合語, 1
美容液みたい, 複合語, 1
トリートメント成分, 複合語, 1
色テカラ, 複合語, 1
ウォーターファンデーション, 複合語, 1
シ, 名詞, 1
簡単綺麗, 複合語, 1
だせる, 動詞, 1
気もち, 名詞, 1
もう少し, 副詞, 1
日焼け止めクリ, 複合語, 1
プロテクト効果, 複合語, 1
肌質感, 複合語, 1
購入手配, 複合語, 1
細やかさ, 複合語, 1
苦手, 名詞, 1
すばらしい, 形容詞, 1
使用量, 複合語, 1
おう, 動詞, 1
塗布, 名詞, 1
上がる, 動詞, 1
ことホワイトニング効果手軽, 複合語, 1
害, 名詞, 1
無鉱物質油, 複合語, 1
やつ, 名詞, 1
きせる, 動詞, 1
綺麗め, 複合語, 1
ぶん, 名詞, 1
ふつう, 副詞, 1
uv, 名詞, 1
意見, 名詞, 1
馴染み感, 複合語, 1
色数, 複合語, 1
人工, 名詞, 1
ワントーンきれい, 複合語, 1
ところたま, 複合語, 1
もより, 名詞, 1
くける, 動詞, 1
インパクト, 名詞, 1
ごと, 名詞, 1
uｖカット, 複合語, 1
楽ちん, 名詞, 1
クール, 名詞, 1
平均的, 複合語, 1
何時間, 複合語, 1
大して, 副詞, 1
ヒリヒリ, 副詞, 1
スレンダー, 名詞, 1
持ち歩ける, 動詞, 1
特別好き, 複合語, 1
にじむ, 動詞, 1
特有, 名詞, 1
びがいいから, 名詞, 1
対抗, 名詞, 1
乳液みたい, 複合語, 1
プルプル, 名詞, 1
まし, 名詞, 1
機能性, 複合語, 1
改善, 名詞, 1
ヴィヴィッドインパクトパウダー配合, 複合語, 1
あと肌, 複合語, 1
たかい, 形容詞, 1
廉価酸化, 複合語, 1
薄化粧風, 複合語, 1
エルシア, 名詞, 1
ラク価格, 複合語, 1
紫外線予防, 複合語, 1
真夏以外, 複合語, 1
ときノリ, 複合語, 1
ふせげる, 動詞, 1
ティッシュ, 名詞, 1
通常, 名詞, 1
噴く, 動詞, 1
混入, 名詞, 1
紺色, 名詞, 1
あと時間, 複合語, 1
働き, 名詞, 1
2段, 複合語, 1
雨, 名詞, 1
２人, 複合語, 1
頼る, 動詞, 1
Tゾーン, 複合語, 1
複数購入, 複合語, 1
同類, 名詞, 1
作業, 名詞, 1
確か, 名詞, 1
頑張る, 動詞, 1
美白効果カバー力, 複合語, 1
ゴルフ, 名詞, 1
点色, 複合語, 1
かた, 名詞, 1
それ一個, 複合語, 1
乳化剤, 名詞, 1
目だつ, 動詞, 1
ケチら, 複合語, 1
足りる, 動詞, 1
ＦＤ, 名詞, 1
びがよいさらっとした感触, 複合語, 1
叩く, 動詞, 1
乾燥感, 複合語, 1
値, 名詞, 1
水おしろい, 複合語, 1
撮る, 動詞, 1
仕上がり不純物, 複合語, 1
４色, 複合語, 1
お買い物, 複合語, 1
催促, 名詞, 1
素早い, 形容詞, 1
仕上がり持ち, 複合語, 1
ところニキビ, 複合語, 1
フィットスル, 名詞, 1
ピジョン, 名詞, 1
フォギー肌, 複合語, 1
９５０円, 複合語, 1
共通性, 複合語, 1
信頼感, 複合語, 1
菱, 名詞, 1
スプレー, 名詞, 1
わく, 動詞, 1
大学, 名詞, 1
無事, 名詞, 1
なん, 名詞, 1
ブロック, 名詞, 1
高品質カバー力, 複合語, 1
直せる, 動詞, 1
肌呼吸, 複合語, 1
斬新, 名詞, 1
クレージュ, 名詞, 1
精神的, 複合語, 1
手ごろ感, 複合語, 1
差, 名詞, 1
時持ち運び, 複合語, 1
化粧時間, 複合語, 1
化粧ムラ, 複合語, 1
遣う, 動詞, 1
アピール, 名詞, 1
練り状タイプファンデーション, 複合語, 1
ストーリー性, 複合語, 1
ベビー用品, 複合語, 1
リキットファンデーション, 名詞, 1
正直可, 複合語, 1
美容成分たっぷり, 複合語, 1
ところしみ, 複合語, 1
うっすら, 副詞, 1
性能, 名詞, 1
ところ伸び, 複合語, 1
パウダリーファンデーション, 名詞, 1
ワンシーズン, 複合語, 1
具合伸び, 複合語, 1
ささる, 動詞, 1
ところアレルギーテスト済み, 複合語, 1
表, 名詞, 1
発色毛穴, 複合語, 1
粘着力, 複合語, 1
物質, 名詞, 1
カウンター, 名詞, 1
バツグン, 名詞, 1
凝る, 動詞, 1
持ち合わせる, 動詞, 1
付き感, 複合語, 1
購入可能, 複合語, 1
製品自体, 複合語, 1
BA, 名詞, 1
ばく, 名詞, 1
カバー力がわり, 複合語, 1
洗顔剤, 複合語, 1
密着性, 複合語, 1
馴染み化粧崩れ, 複合語, 1
女優, 名詞, 1
ブルーベース用, 複合語, 1
色調, 名詞, 1
とい, 名詞, 1
収まる, 動詞, 1
｡仕上がり, 複合語, 1
いろいろ, 名詞, 1
びがよい, 名詞, 1
のり具合, 複合語, 1
つる, 動詞, 1
ところ基礎化粧品, 複合語, 1
合成物質, 複合語, 1
しよう, 名詞, 1
大きな, 連体詞, 1
切り替え, 名詞, 1
リーゾナブル, 名詞, 1
おおきい, 形容詞, 1
天然由来100％, 複合語, 1
目元, 名詞, 1
なじみ乾燥防止効果, 複合語, 1
化粧モチ効果, 複合語, 1
ダメージ, 名詞, 1
所資生堂, 複合語, 1
チューブ入り, 複合語, 1
夏冬, 複合語, 1
とりだす, 動詞, 1
リピ, 名詞, 1
付け心地値段, 複合語, 1
アレルギー対策, 複合語, 1
若干, 名詞, 1
染み, 名詞, 1
TV通販番組, 複合語, 1
もちろん, 副詞, 1
汗かき, 複合語, 1
無鉱物質, 複合語, 1
敏感肌の, 複合語, 1
敏感肌対応, 複合語, 1
パソコン, 名詞, 1
インナードライ肌, 複合語, 1
１００％オイルカット, 複合語, 1
10年以上, 複合語, 1
ほてる, 動詞, 1
残り, 名詞, 1
アイテム, 名詞, 1
さえる, 動詞, 1
漢字, 名詞, 1
コンビ, 名詞, 1
クリヤ系, 複合語, 1
子会社, 名詞, 1
松たかこ紫外線, 複合語, 1
毛, 名詞, 1
赤ちゃん肌, 複合語, 1
痛む, 動詞, 1
そのうえ, 副詞, 1
あの, 連体詞, 1
もったいない, 形容詞, 1
ガバー力, 複合語, 1
点UVカット, 複合語, 1
半年, 名詞, 1
uv機能, 複合語, 1
ワリ, 名詞, 1
不自然, 名詞, 1
ひりひり, 名詞, 1
通じる, 動詞, 1
アミノ酸, 名詞, 1
ＳＰＦ23, 複合語, 1
勧誘, 名詞, 1
省ける, 動詞, 1
20％引き, 複合語, 1
わる, 動詞, 1
エアータッチ, 名詞, 1
伸びがよくつけたときのもったり感, 複合語, 1
キツクナイ, 名詞, 1
イメージのり, 複合語, 1
SPF25PA++, 複合語, 1
超微粒子, 複合語, 1
マッサージクリーム, 複合語, 1
脂っこい, 形容詞, 1
買い求める, 動詞, 1
価格自分, 複合語, 1
窒息感, 複合語, 1
補正力, 複合語, 1
基本的, 複合語, 1
天然成分原料, 複合語, 1
小さめ, 名詞, 1
塞ぐ, 動詞, 1
極上, 名詞, 1
小鼻, 名詞, 1
とおり光, 複合語, 1
ウォーターイン, 複合語, 1
桃肌, 複合語, 1
油浮き, 複合語, 1
ｹｰｽ, 名詞, 1
びがよくきれいに, 名詞, 1
海外旅行, 複合語, 1
はかさ, 複合語, 1
ニキビケア, 複合語, 1
配達時間, 複合語, 1
｡カバー力, 複合語, 1
１回, 複合語, 1
かく, 副詞, 1
汗皮脂, 複合語, 1
あと自分, 複合語, 1
UV対応, 複合語, 1
いまいち, 副詞, 1
油性肌, 複合語, 1
ホワイトニング重視, 複合語, 1
床, 名詞, 1
ミラー, 名詞, 1
まとまる, 動詞, 1
海綿, 名詞, 1
うるさい, 形容詞, 1
粉タイプ, 複合語, 1
毛穴カバー力, 複合語, 1
不満, 名詞, 1
軽減, 名詞, 1
てかてか, 副詞, 1
中でも, 副詞, 1
肌のり, 複合語, 1
押す, 動詞, 1
びがよくてつけやすいところ, 名詞, 1
落ち, 名詞, 1
スチック型, 複合語, 1
色付き, 複合語, 1
ホームセンター, 名詞, 1
ガバー, 名詞, 1
ホワイトニング入り, 複合語, 1
ふたり, 名詞, 1
成分的, 複合語, 1
購入可, 複合語, 1
1700円, 複合語, 1
ねる, 動詞, 1
ＳＰＦ数値, 複合語, 1
気分的, 複合語, 1
研究開発費, 複合語, 1
２色使い, 複合語, 1
嫌味, 名詞, 1
白粉, 名詞, 1
自慢, 名詞, 1
広告, 名詞, 1
滲む, 動詞, 1
容易, 名詞, 1
安値, 名詞, 1
カバー効果, 複合語, 1
ジャー, 名詞, 1
正直, 名詞, 1
1年, 複合語, 1
生かす, 動詞, 1
ナノ化粧品, 複合語, 1
とき色味, 複合語, 1
程度, 名詞, 1
価格つき, 複合語, 1
びがいいからとても自然, 複合語, 1
スポーツタイプ, 複合語, 1
汚す, 動詞, 1
悩み, 名詞, 1
皮脂吸着機能, 複合語, 1
だから, 接続詞, 1
地黒, 複合語, 1
きれる, 動詞, 1
矢田さん, 複合語, 1
アレルギー持ち, 複合語, 1
500円割引券, 複合語, 1
低刺激性, 複合語, 1
ディスプレイ, 名詞, 1
ょく, 名詞, 1
十数年前, 複合語, 1
付き合い, 名詞, 1
さりげ, 名詞, 1
ヤツ, 名詞, 1
薄づきサラ, 複合語, 1
パール効果, 複合語, 1
全成分表示, 複合語, 1
それなのに, 接続詞, 1
ジェル状ファンデーション, 複合語, 1
たどり着く, 動詞, 1
楽しめる, 動詞, 1
毎月, 名詞, 1
ツヤ加減, 複合語, 1
悩む, 動詞, 1
肌地, 複合語, 1
アトピー体質, 複合語, 1
パッケージング, 名詞, 1
リフトアップ効果, 複合語, 1
色ＮＯ., 複合語, 1
パウダー形式, 複合語, 1
クォリティー, 名詞, 1
行き渡る, 動詞, 1
通う, 動詞, 1
コンシーラー, 名詞, 1
我が家, 名詞, 1
メーカーイメージ, 複合語, 1
スティクタイプ, 名詞, 1
すべる, 動詞, 1
含める, 動詞, 1
なに, 名詞, 1
化粧品以外, 複合語, 1
利点, 名詞, 1
買物ついで, 複合語, 1
す, 名詞, 1
おちつく, 動詞, 1
包装, 名詞, 1
もち, 副詞, 1
紹介, 名詞, 1
オルビスさん, 複合語, 1
製造, 名詞, 1
ノンコメドチェック済み, 複合語, 1
ぼかす, 動詞, 1
理キット, 複合語, 1
瞬間, 名詞, 1
セルフ, 名詞, 1
先生, 名詞, 1
無駄, 名詞, 1
いっぱい, 副詞, 1
肌持ち, 複合語, 1
), 名詞, 1
押える, 動詞, 1
限定, 名詞, 1
オルビス, 名詞, 1
MAC, 名詞, 1
カバー力素肌感, 複合語, 1
伸びがよくつけたあとさらっとしている, 複合語, 1
情報, 名詞, 1
ぼる, 動詞, 1
モデル, 名詞, 1
代用, 名詞, 1
小量, 名詞, 1
伸び塗り斑, 複合語, 1
舞台, 名詞, 1
UVケア機能, 複合語, 1
ためす, 動詞, 1
いえる, 動詞, 1
わるい, 形容詞, 1
一つづつ包装, 複合語, 1
買い替え, 名詞, 1
ウオータープルーフ, 複合語, 1
しっくり, 名詞, 1
個数, 名詞, 1
お着きあい, 複合語, 1
そうコーセ, 複合語, 1
透明感薄, 複合語, 1
ホドホド, 名詞, 1
分もち, 複合語, 1
ブラウディア, 名詞, 1
あと日焼け, 複合語, 1
肌診断後自分, 複合語, 1
埋める, 動詞, 1
アペックスアイ, 名詞, 1
季節関係, 複合語, 1
美肌, 名詞, 1
主, 名詞, 1
オールシーズン使用可能, 複合語, 1
)こと, 複合語, 1
モニター, 名詞, 1
舞台メイク, 複合語, 1
ホコリ, 名詞, 1
はやる, 動詞, 1
色もち, 複合語, 1
リキッド状, 複合語, 1
美白用, 複合語, 1
ところスポンジ, 複合語, 1
こと石鹸, 複合語, 1
ちなみに, 接続詞, 1
ダレ, 名詞, 1
日本離れ, 複合語, 1
敏感肌用名ところ, 複合語, 1
にきび用ファンデーション, 複合語, 1
ＳＰＦ効果, 複合語, 1
蛍光灯等, 複合語, 1
とぶ, 動詞, 1
機能別, 複合語, 1
オークル色, 複合語, 1
ピリピリ, 副詞, 1
ニキビ対策, 複合語, 1
日焼け止め入り, 複合語, 1
あせる, 動詞, 1
estリキッド, 複合語, 1
ベース用, 複合語, 1
スムーズ, 名詞, 1
なにげない, 形容詞, 1
ツルツル, 副詞, 1
ところ価格, 複合語, 1
とてつもない, 形容詞, 1
パク, 名詞, 1
10000円購入, 複合語, 1
見苦しい, 形容詞, 1
おとす, 動詞, 1
ところ薄つき, 複合語, 1
壊れる, 動詞, 1
カラーパール, 複合語, 1
おてごろ価格, 複合語, 1
ベースファンデーション, 複合語, 1
調製, 名詞, 1
効果大, 複合語, 1
消耗品, 複合語, 1
RMK, 名詞, 1
ひろがる, 動詞, 1
ごこち, 名詞, 1
隠れ素肌感覚, 複合語, 1
試用期間中, 複合語, 1
カバー力がち, 複合語, 1
LVMH系列, 複合語, 1
資生堂ブランド, 複合語, 1
デコボコ, 名詞, 1
)ところ, 複合語, 1
薄付き肌, 複合語, 1
さほど, 副詞, 1
カラー等, 複合語, 1
乳液状, 複合語, 1
無鉱油製品, 複合語, 1
意外, 名詞, 1
CMキャラクター綺麗, 複合語, 1
ＵＶカット入り, 複合語, 1
ズン毎, 複合語, 1
返せる, 動詞, 1
肌荒れ防止, 複合語, 1
色黒, 複合語, 1
写る, 動詞, 1
煩わしい, 形容詞, 1
すっきり, 名詞, 1
鉱物油系, 複合語, 1
クスミ, 名詞, 1
直ぐ, 名詞, 1
オリーブバージンオイル, 名詞, 1
カバー力(, 複合語, 1
スティック式, 複合語, 1
滑らかさ, 複合語, 1
セミフォーマル, 複合語, 1
はなつ, 動詞, 1
リガ, 名詞, 1
ナチャル, 名詞, 1
ぴりぴり, 副詞, 1
見合う, 動詞, 1
上記, 名詞, 1
着せる, 動詞, 1
安物, 名詞, 1
プロ, 名詞, 1
資生堂商品, 複合語, 1
３色, 複合語, 1
状況, 名詞, 1
つぼみ, 名詞, 1
ＳＰＦ23・ＰＡ++）, 複合語, 1
完全, 名詞, 1
ブランド力, 複合語, 1
蓋, 名詞, 1
癒す, 動詞, 1
外装, 名詞, 1
料金, 名詞, 1
清潔感いっぱい, 複合語, 1
好感, 名詞, 1
疲れ, 名詞, 1
好きＤＳ, 複合語, 1
静脈, 名詞, 1
酷い, 形容詞, 1
ノンパラベン・, 名詞, 1
使用済み, 複合語, 1
火照る, 動詞, 1
シットリ, 名詞, 1
人気化粧品, 複合語, 1
ケーキ, 名詞, 1
ＵＶ機能, 複合語, 1
ニキビ要望, 複合語, 1
ワタシ, 複合語, 1
いかる, 動詞, 1
ハリ感, 複合語, 1
無し両用, 複合語, 1
無鉱物, 複合語, 1
一般的, 複合語, 1
西友, 名詞, 1
低価格コンビニ, 複合語, 1
機, 名詞, 1
ニキビ肌対応, 複合語, 1
金属アレルギー対応, 複合語, 1
写真写り, 複合語, 1
コスメ等, 複合語, 1
リキッド・ファンデーション, 名詞, 1
仕方, 名詞, 1
特徴, 名詞, 1
もっと, 副詞, 1
透明感アップ, 複合語, 1
乗り換える, 動詞, 1
明度, 名詞, 1
とくべつ, 副詞, 1
栄える, 動詞, 1
水化粧ファン, 複合語, 1
次々, 副詞, 1
脂崩れ, 複合語, 1
それぞれ, 名詞, 1
清潔感, 複合語, 1
SPF１９, 複合語, 1
水有, 複合語, 1
仕上げ用, 複合語, 1
組む, 動詞, 1
残らず, 副詞, 1
キッド, 名詞, 1
freeplus, 名詞, 1
控えめ, 名詞, 1
リッキド, 名詞, 1
色味質感, 複合語, 1
カバー力コンパクトサイズ, 複合語, 1
顧客, 名詞, 1
もたつく, 動詞, 1
お医者さん, 複合語, 1
低め, 名詞, 1
びがよくとてもフィット感, 複合語, 1
スポーツ時, 複合語, 1
キャンペーン中, 複合語, 1
春夏用, 複合語, 1
しれる, 動詞, 1
デザイン機能性, 複合語, 1
水乾両用, 複合語, 1
自然感じ, 複合語, 1
)。, 名詞, 1
環境下, 複合語, 1
米粒, 複合語, 1
天然系, 複合語, 1
接客態度, 複合語, 1
こと自体, 複合語, 1
シフォン, 名詞, 1
はて, 名詞, 1
サンスクリーンオンフェイス, 名詞, 1
デュウ, 名詞, 1
ぶきっちょ, 名詞, 1
色(ベージュオークル), 複合語, 1
アレルギー等, 複合語, 1
それだけ, 副詞, 1
切欠, 名詞, 1
粉体, 複合語, 1
手ごろ見た目, 複合語, 1
貰える, 動詞, 1
中間, 名詞, 1
べとべと, 副詞, 1
ウォータープルーフタイプ, 複合語, 1
うれしい, 形容詞, 1
UVディベース, 複合語, 1
ツア, 名詞, 1
そむ, 動詞, 1
販売員さん, 複合語, 1
関係, 名詞, 1
浮き, 名詞, 1
仕上がり長持ち, 複合語, 1
ナチュラル肌, 複合語, 1
絹, 名詞, 1
自然素材パウダー, 複合語, 1
見かける, 動詞, 1
あつかう, 動詞, 1
コンシーラータイプ, 名詞, 1
肌さわり, 複合語, 1
合成色素, 複合語, 1
プルルン, 名詞, 1
とたん, 名詞, 1
見つかる, 動詞, 1
天然成分１００％, 複合語, 1
水無し両用, 複合語, 1
びがよくてとても使い, 複合語, 1
ザラザラ, 副詞, 1
ﾉﾘ, 名詞, 1
無香料１つ, 複合語, 1
涙, 名詞, 1
一日安心, 複合語, 1
国内, 名詞, 1
一日中コンヂション, 複合語, 1
アニエスベーそのもの, 複合語, 1
油系, 複合語, 1
？), 名詞, 1
適切, 名詞, 1
ピテラ配合, 複合語, 1
統一, 名詞, 1
足す, 動詞, 1
散る, 動詞, 1
ところ発色, 複合語, 1
無香料自分, 複合語, 1
それ以来, 複合語, 1
思わず, 副詞, 1
?（パール感, 複合語, 1
安定粉, 複合語, 1
あとケース, 複合語, 1
共に, 副詞, 1
くるみ, 名詞, 1
ぷなのに付け心地, 複合語, 1
しかし, 接続詞, 1
価格薄付, 複合語, 1
残す, 動詞, 1
テカリ・, 名詞, 1
敏感肌専用, 複合語, 1
ブランドの, 複合語, 1
箱, 名詞, 1
パウダリービジョン, 名詞, 1
普遍, 名詞, 1
スキンケア自体全部, 複合語, 1
通年使用, 複合語, 1
いたい, 形容詞, 1
上原多香子, 複合語, 1
送る, 動詞, 1
印象的, 複合語, 1
長続き, 名詞, 1
リッチ, 名詞, 1
増える, 動詞, 1
エイボン, 名詞, 1
ぐんと, 副詞, 1
ペア, 名詞, 1
エキス, 名詞, 1
人気商品, 複合語, 1
一回一回, 複合語, 1
塗り感, 複合語, 1
幸せ, 名詞, 1
すー, 複合語, 1
値段相応, 複合語, 1
お化粧品, 複合語, 1
伸び具合, 複合語, 1
2種類, 複合語, 1
ムレ, 名詞, 1
見え伸び, 複合語, 1
化粧負け, 複合語, 1
紫外線カット肌, 複合語, 1
スゥーッ, 名詞, 1
外国, 名詞, 1
返品可, 複合語, 1
クマ, 名詞, 1
口元, 名詞, 1
紫外線カバー力, 複合語, 1
ぶる, 動詞, 1
オーダー, 名詞, 1
十年近く, 複合語, 1
デザインなじみ具合, 複合語, 1
セミマット, 複合語, 1
弱る, 動詞, 1
すくない, 形容詞, 1
至る, 動詞, 1
ほんとう, 名詞, 1
自分の, 複合語, 1
傾向, 名詞, 1
しゃきっと, 副詞, 1
びがよくてカバー, 複合語, 1
拭く, 動詞, 1
子持ち, 名詞, 1
読む, 動詞, 1
びのよいところ, 名詞, 1
高評価, 複合語, 1
CM性, 複合語, 1
化粧むら, 複合語, 1
女の子, 名詞, 1
なじみ塗り, 複合語, 1
リニューアル, 名詞, 1
横長, 名詞, 1
ミネラル成分, 複合語, 1
パウダー粒子, 複合語, 1
くし, 名詞, 1
total, 名詞, 1
水ファン, 複合語, 1
専用ケース, 複合語, 1
限定品, 複合語, 1
化粧ﾉﾘ, 複合語, 1
色ツヤ, 複合語, 1
みつかる, 動詞, 1
あまり違い, 複合語, 1
リッキッド, 名詞, 1
まわり, 名詞, 1
為ナチュラル, 複合語, 1
通す, 動詞, 1
居る, 動詞, 1
たまに, 副詞, 1
コンビニエンスストア, 名詞, 1
最新, 名詞, 1
コンビニ購入, 複合語, 1
はげる, 動詞, 1
市販, 名詞, 1
なめる, 動詞, 1
予定, 名詞, 1
ことカバー力, 複合語, 1
使用可, 複合語, 1
受ける, 動詞, 1
技, 名詞, 1
立体メイク, 複合語, 1
､トラブル, 複合語, 1
ただれる, 動詞, 1
ツルン, 複合語, 1
ワンランクアップ, 複合語, 1
去年, 名詞, 1
液状タイプ, 複合語, 1
びがいいくずれにくい, 名詞, 1
教える, 動詞, 1
１回分, 複合語, 1
捨てる, 動詞, 1
下地効果, 複合語, 1
使用中, 複合語, 1
日焼け予防効果化粧崩れ, 複合語, 1
簡易包装, 複合語, 1
ひらく, 動詞, 1
濡れる, 動詞, 1
きりタイプ, 複合語, 1
ところ長持ち, 複合語, 1
通年, 名詞, 1
ヴァ, 名詞, 1
ノンアルコール, 複合語, 1
でこぼこ, 名詞, 1
キツイ香り, 複合語, 1
かたち, 名詞, 1
クリームみたい, 複合語, 1
潤い感, 複合語, 1
びがいいのと持ち, 複合語, 1
もち化粧崩れ, 複合語, 1
ファシオ, 名詞, 1
クスミ, 複合語, 1
時期, 名詞, 1
オルビス自体, 複合語, 1
ナシ, 名詞, 1
病院, 名詞, 1
20％オフ, 複合語, 1
セザンヌ, 名詞, 1
パール粒子, 複合語, 1
ニキビだらけ, 複合語, 1
ロマンティック, 名詞, 1
センス, 名詞, 1
コーナー, 名詞, 1
戻す, 動詞, 1
ニキビ防止効果, 複合語, 1
3ヶ月以上, 複合語, 1
調べる, 動詞, 1
上がり, 名詞, 1
根拠, 名詞, 1
支払方法, 複合語, 1
中肌, 複合語, 1
パウダー不要, 複合語, 1
日焼け止め対策, 複合語, 1
ファンケル製品, 複合語, 1
ラメ入り, 複合語, 1
商品自身, 複合語, 1
取り寄せる, 動詞, 1
別々, 名詞, 1
雑誌, 名詞, 1
組み合わせ, 名詞, 1
会う, 動詞, 1
オレンジスキン, 複合語, 1
日焼け止めクリーム, 複合語, 1
使用時, 複合語, 1
今話題, 複合語, 1
こだわり, 名詞, 1
ノエビア, 名詞, 1
ところかいい, 複合語, 1
今使用, 複合語, 1
ところが, 接続詞, 1
表面, 名詞, 1
遠方, 名詞, 1
個人, 名詞, 1
褒める, 動詞, 1
天然原料, 複合語, 1
練りタイプ, 複合語, 1
カヴァー力, 複合語, 1
今更, 名詞, 1
２０年位, 複合語, 1
ヒィット感, 複合語, 1
ぎとぎとしない, 名詞, 1
カバー力抜群, 複合語, 1
美, 名詞, 1
シミそばかす, 複合語, 1
仕上がり｡今, 複合語, 1
触感, 名詞, 1
不快感, 複合語, 1
かさかさ, 名詞, 1
つらい, 形容詞, 1
洋服, 名詞, 1
１０５円(税込), 複合語, 1
黄色い, 形容詞, 1
ところ使い, 複合語, 1
無理, 名詞, 1
美白対策, 複合語, 1
何年間, 複合語, 1
最小限, 名詞, 1
姉, 名詞, 1
リクイド, 名詞, 1
化粧モチ, 複合語, 1
かく, 名詞, 1
ウリ, 名詞, 1
結晶崩れ, 複合語, 1
付け上がる, 動詞, 1
為崩れ, 複合語, 1
１９８０円, 複合語, 1
コッテリ, 名詞, 1
微粒, 名詞, 1
使い始め, 複合語, 1
カジュアル, 名詞, 1
格安コスメ, 複合語, 1
体感, 名詞, 1
充分, 副詞, 1
伸びがよくうすづきなところ, 複合語, 1
処, 名詞, 1
びてつきがいい, 名詞, 1
すばやい, 形容詞, 1
渇き, 名詞, 1
人みたい, 複合語, 1
柄, 名詞, 1
タッチ適度, 複合語, 1
ササッ, 名詞, 1
1ランク, 複合語, 1
ＵＶ対応, 複合語, 1
ＢＨＴ, 名詞, 1
さ伸び, 複合語, 1
厚手, 名詞, 1
ズナブル, 名詞, 1
あと水, 複合語, 1
全般的, 複合語, 1
ＵＶカット能力, 複合語, 1
オウトツ, 名詞, 1
要素, 名詞, 1
だいたい, 副詞, 1
付き･ノビ･持ち, 複合語, 1
直接, 名詞, 1
オールシーズンOK, 複合語, 1
こう, 副詞, 1
肌むら, 複合語, 1
赤黒い, 形容詞, 1
FD, 名詞, 1
美顔, 名詞, 1
なるべく, 副詞, 1
それひとつ, 複合語, 1
照明, 名詞, 1
ＳＰＦ１５, 複合語, 1
欲, 名詞, 1
ついつい, 副詞, 1
合成, 名詞, 1
身だしなみ, 名詞, 1
しとる, 動詞, 1
しのぶ, 動詞, 1
扶洋, 名詞, 1
ツルツル, 複合語, 1
CM通り肌, 複合語, 1
カバー力肌, 複合語, 1
スルスル, 副詞, 1
満遍なく, 副詞, 1
一日粉, 複合語, 1
水っぽい, 形容詞, 1
１８歳, 複合語, 1
びもいいし, 名詞, 1
肌全体, 複合語, 1
よじれる, 動詞, 1
スプレー式, 複合語, 1
システム, 名詞, 1
オーガニック化粧品, 複合語, 1
このむ, 動詞, 1
分厚い, 形容詞, 1
はる, 動詞, 1
ところニキビ肌, 複合語, 1
国内資本, 複合語, 1
なじみ透明感, 複合語, 1
み明記, 複合語, 1
デザインノリ, 複合語, 1
付け過ぎ, 複合語, 1
カバーメイク, 複合語, 1
シルク配合, 複合語, 1
美容成分配合, 複合語, 1
びんかん肌, 複合語, 1
よけい, 名詞, 1
上回る, 動詞, 1
コストバリュー, 複合語, 1
黒一色, 複合語, 1
リキッドタイプノビ, 名詞, 1
くっきり, 副詞, 1
いちいち, 副詞, 1
使い回し, 複合語, 1
いままで, 副詞, 1
ブランド自分, 複合語, 1
小泉今日子, 複合語, 1
バッグ, 名詞, 1
高級化粧品, 複合語, 1
品切れ, 名詞, 1
使い初め, 複合語, 1
感じ自然, 複合語, 1
年間通し, 複合語, 1
ハイビジョン対応, 複合語, 1
カブルこと, 複合語, 1
水アリ水ナシ両方, 複合語, 1
たび, 名詞, 1
ＮＯＶ, 名詞, 1
継続, 名詞, 1
生まれる, 動詞, 1
ぷるぷる感, 複合語, 1
日本製, 複合語, 1
うつ, 動詞, 1
ところ粒子, 複合語, 1
あぶる, 動詞, 1
屋内, 名詞, 1
無添加紫外線対策, 複合語, 1
サッと, 副詞, 1
評価, 名詞, 1
仕上がり使い方, 複合語, 1
別途, 副詞, 1
裏, 名詞, 1
化粧水後クリーム, 複合語, 1
1番カバー力, 複合語, 1
乾性, 名詞, 1
スキンラスティング, 名詞, 1
化学薬品, 複合語, 1
オーケー, 名詞, 1
直し, 名詞, 1
妙, 名詞, 1
ＳＰＦ１７, 複合語, 1
・色, 複合語, 1
かお, 名詞, 1
スグレモノ, 名詞, 1
開き, 名詞, 1
みたい, 名詞, 1
同時に, 副詞, 1
調度, 名詞, 1
便利スポンジ, 複合語, 1
いま, 名詞, 1
ぴんと, 副詞, 1
年齢相応, 複合語, 1
恐らく, 副詞, 1
づつ, 名詞, 1
実は, 接続詞, 1
際だつ, 動詞, 1
乾燥気味, 複合語, 1
化粧崩れ防止効果, 複合語, 1
びがよくて, 名詞, 1
オリーブバージンオイル配合, 複合語, 1
ょく), 複合語, 1
一回ごと, 複合語, 1
異様, 名詞, 1
有能, 名詞, 1
アトピー用, 複合語, 1
表現, 名詞, 1
105円, 複合語, 1
､自然, 複合語, 1
ノーマル, 名詞, 1
オリーブオイル配合, 複合語, 1
ロレアル, 名詞, 1
恥ずかしい, 形容詞, 1
石油系成分, 複合語, 1
ゆるめる, 動詞, 1
再生, 名詞, 1
水分量, 複合語, 1
びがいいのでぬりやすい, 名詞, 1
ふう, 名詞, 1
しっとり感自然, 複合語, 1
自分自身, 複合語, 1
使用原料表示, 複合語, 1
オリーブオイル, 複合語, 1
舞台用, 複合語, 1
爽やか, 名詞, 1
スーパーマーケット, 名詞, 1
点ドラッグストア, 複合語, 1
ファンデーシヨン, 名詞, 1
大人ニキビ, 複合語, 1
アレルギー体質, 複合語, 1
こと３０００円, 複合語, 1
塗り直し, 複合語, 1
気後れ, 名詞, 1
置ける, 動詞, 1
アクネケア, 名詞, 1
UVカット機能, 複合語, 1
3, 名詞, 1
かな点, 複合語, 1
びがいいしっとり感, 複合語, 1
ナチュラル仕上げ, 複合語, 1
敏感用, 複合語, 1
外, 名詞, 1
馴染み具合, 複合語, 1
アドバイス, 名詞, 1
当時, 名詞, 1
グレード, 名詞, 1
少々, 副詞, 1
潤い持続, 複合語, 1
衣服, 名詞, 1
たまる, 動詞, 1
びるうすづきだけどしっかりカバー, 複合語, 1
半練りタイプ, 複合語, 1
さ?, 複合語, 1
自然もち, 複合語, 1
話題, 名詞, 1
黄色, 名詞, 1
シッカリ薄付き, 複合語, 1
メチルパラベン, 名詞, 1
ひんす, 動詞, 1
とどける, 動詞, 1
無し, 名詞, 1
色あい, 名詞, 1
ところ厚塗り, 複合語, 1
補充, 名詞, 1
キャンペーン等, 複合語, 1
パッチテスト, 複合語, 1
UVカット力, 複合語, 1
ほめる, 動詞, 1
ふれる, 動詞, 1
個々, 名詞, 1
大衆的, 複合語, 1
ことろ, 複合語, 1
手ごろもち, 複合語, 1
経済, 名詞, 1
輝かしい, 形容詞, 1
･･･, 名詞, 1
素, 名詞, 1
同メーカー, 複合語, 1
状, 名詞, 1
４２０円, 複合語, 1
研究, 名詞, 1
らく, 名詞, 1
なくす, 動詞, 1
細い, 形容詞, 1
貰い物, 名詞, 1
入れ替え, 名詞, 1
日本, 名詞, 1
ラク, 名詞, 1
カバー感, 複合語, 1
ところ時間, 複合語, 1
いたむ, 動詞, 1
これ以上, 複合語, 1
感じワンプッシュ, 複合語, 1
びのよい所, 複合語, 1
ふせぐ, 動詞, 1
ｱﾈｯｻ, 名詞, 1
キープ, 名詞, 1
びやすくつけやすいこと, 名詞, 1
所パッケージ, 複合語, 1
透明感つや感, 複合語, 1
いいつける, 動詞, 1
ＵＶタイプ, 複合語, 1
抱く, 動詞, 1
濡らす, 動詞, 1
びるううくつけられる, 名詞, 1
UVカット機能付き, 複合語, 1
ふる, 動詞, 1
パール状, 複合語, 1
値段デザイン, 複合語, 1
双方共, 複合語, 1
24時間, 複合語, 1
ぬう, 動詞, 1
安価ニキビ用, 複合語, 1
収納, 名詞, 1
蘇る, 動詞, 1
効果的, 複合語, 1
出物, 名詞, 1
つつく, 動詞, 1
会員価格, 複合語, 1
只, 副詞, 1
ここの, 複合語, 1
費用対効果肌, 複合語, 1
とたんパウダー, 複合語, 1
ところこれ, 複合語, 1
女性誌, 複合語, 1
好印象, 複合語, 1
勤める, 動詞, 1
１０００円以下, 複合語, 1
キレイ毛穴, 複合語, 1
いてる, 動詞, 1
UV機能, 複合語, 1
宣伝費, 複合語, 1
はり, 名詞, 1
中間みたい, 複合語, 1
混ぜる, 動詞, 1
ナチョラル, 名詞, 1
１００円ショップ, 複合語, 1
売り場, 名詞, 1
しゃれる, 動詞, 1
イヤ, 名詞, 1
進化, 名詞, 1
おトク, 複合語, 1
うたう, 動詞, 1
分離タイプ, 複合語, 1
ところ化粧, 複合語, 1
配色, 名詞, 1
発色むら, 複合語, 1
ぱー, 複合語, 1
付け心地感, 複合語, 1
１日中崩れ, 複合語, 1
自身, 名詞, 1
同商品, 複合語, 1
夏冬兼用, 複合語, 1
手入れ, 名詞, 1
洗い流せる, 動詞, 1
お付き合い, 複合語, 1
オーダーメイド, 複合語, 1
お得感, 複合語, 1
常盤貴子さん, 複合語, 1
スポーツファンディーション, 名詞, 1
触れ込み, 名詞, 1
重ね, 名詞, 1
リーズナブル､容器, 複合語, 1
負担感, 複合語, 1
素肌みたい, 複合語, 1
ブロンズ肌, 複合語, 1
松たかこさん, 複合語, 1
ジェルファンデーション, 名詞, 1
長期間, 名詞, 1
かさ張る, 動詞, 1
薄づきタイプ, 複合語, 1
アテニア・・・, 名詞, 1
リキッドタイプ美容液配合, 複合語, 1
安価天然素材, 複合語, 1
顔面, 名詞, 1
光拡散作用, 複合語, 1
基礎, 名詞, 1
､長時間, 複合語, 1
2段つけ, 複合語, 1
写真映り, 複合語, 1
ダブル使い, 複合語, 1
つかいわける, 動詞, 1
息, 名詞, 1
ﾃﾞｻﾞｲﾝ, 名詞, 1
可愛らしい, 形容詞, 1
わざわざ, 副詞, 1
固形ファンデーション, 複合語, 1
., 名詞, 1
おきる, 動詞, 1
ローズ, 名詞, 1
2WAY, 複合語, 1
香料等, 複合語, 1
30%OFF, 複合語, 1
こわい, 形容詞, 1
ネット注文, 複合語, 1
関わる, 動詞, 1
皮膚科医, 複合語, 1
スベスベ感, 複合語, 1
アトピー感, 複合語, 1
お, 接頭詞, 1
成分すべて, 複合語, 1
姿勢, 名詞, 1
仕上がり色, 複合語, 1
よわい, 形容詞, 1
サーッ, 名詞, 1
起用, 名詞, 1
ファウンデーション, 名詞, 1
仕上がり顔, 複合語, 1
万人向け, 複合語, 1
カバー力美白力, 複合語, 1
ほんの, 連体詞, 1
ホワイティア・・・, 名詞, 1
･すべすべ, 複合語, 1
1年中, 複合語, 1
仕上がりぐあい, 複合語, 1
ＣＭどおり洗顔あとスベスベ, 複合語, 1
矢田あきこ, 複合語, 1
購入商品, 複合語, 1
配合物, 複合語, 1
サラx２, 複合語, 1
大人しい, 形容詞, 1
チューブ, 名詞, 1
さげ, 複合語, 1
ところすべて, 複合語, 1
みるみる, 副詞, 1
こぐ, 動詞, 1
スプレータイプ, 複合語, 1
サージ, 名詞, 1
お勧め, 複合語, 1
ブランド感, 複合語, 1
霧, 名詞, 1
圧付き, 複合語, 1
好き｡, 複合語, 1
美容液ファンデーション, 複合語, 1
一個4000円, 複合語, 1
大抵, 名詞, 1
リブ・タイラー, 名詞, 1
ﾉｰメイク, 名詞, 1
謳う, 動詞, 1
塗りごこち, 複合語, 1
メイン, 名詞, 1
ルース, 名詞, 1
乳化, 名詞, 1
化学製品, 複合語, 1
しっとり感成, 複合語, 1
自然カバー力, 複合語, 1
使用成分, 複合語, 1
ローソン, 名詞, 1
びがすごくいい, 名詞, 1
かさつきがち, 複合語, 1
落ち着き, 名詞, 1
付けごこち, 複合語, 1
無添加薄付きＳＰＦ, 複合語, 1
ＵＶ値, 複合語, 1
<スッピン, 複合語, 1
相生, 名詞, 1
ところデザインブランド, 複合語, 1
常に, 副詞, 1
ガ, 名詞, 1
医者, 名詞, 1
持ち運ぶ, 動詞, 1
発表, 名詞, 1
加藤愛, 複合語, 1
ポイント制, 複合語, 1
気楽さ, 複合語, 1
名前, 名詞, 1
UV防止効果, 複合語, 1
１，０００円以上, 複合語, 1
･, 名詞, 1
だけど, 接続詞, 1
たのしい, 形容詞, 1
値引き, 名詞, 1
口, 名詞, 1
ほしい, 形容詞, 1
ゴールド, 名詞, 1
歯, 名詞, 1
まとめる, 動詞, 1
アルコール等使用, 複合語, 1
同年代, 名詞, 1
洗い落とせる, 動詞, 1
ベタッ, 名詞, 1
ひび割れる, 動詞, 1
SPF18, 複合語, 1
わたし, 名詞, 1
ライン上, 複合語, 1
壁, 名詞, 1
化粧水養分入り, 複合語, 1
真珠, 名詞, 1
ロングセラー, 名詞, 1
レヒィル, 名詞, 1
TゾーンUゾーン, 複合語, 1
総合的, 複合語, 1
合成分, 複合語, 1
化粧水タイプ, 複合語, 1
万能, 名詞, 1
行う, 動詞, 1
綺麗ケース, 複合語, 1
エステサロン専売品, 複合語, 1
パウダー状, 複合語, 1
あたし, 名詞, 1
7-8000円, 複合語, 1
あふれる, 動詞, 1
ビタミンA, 複合語, 1
好き香り, 複合語, 1
約３年, 複合語, 1
金色, 名詞, 1
写す, 動詞, 1
1日, 複合語, 1
劇的, 名詞, 1
高級感高品質使用, 複合語, 1
重点, 名詞, 1
ゆすぐ, 動詞, 1
肌荒れ等, 複合語, 1
ひと塗り, 複合語, 1
きたない, 形容詞, 1
(顔, 複合語, 1
(自分, 複合語, 1
かささ, 複合語, 1
大幅, 名詞, 1
落とし, 名詞, 1
液体タイプ, 複合語, 1
化粧品特有, 複合語, 1
位長持ち, 複合語, 1
(パラベン等), 複合語, 1
est, 名詞, 1
化粧品売り場, 複合語, 1
移る, 動詞, 1
流れる, 動詞, 1
同時使用, 複合語, 1
くれる, 動詞, 1
紫外線カット率, 複合語, 1
顔料, 名詞, 1
元通り, 名詞, 1
親, 名詞, 1
ブラック, 名詞, 1
こまる, 動詞, 1
100％オイルカット, 複合語, 1
バーナル, 名詞, 1
水玉模様, 複合語, 1
無石油製品, 複合語, 1
かっこいい, 形容詞, 1
UVカットシリーズ, 複合語, 1
低コスト, 複合語, 1
あとコンパクト, 複合語, 1
使用後肌, 複合語, 1
素敵, 名詞, 1
決め細やか, 複合語, 1
防腐剤, 複合語, 1
返品交換, 複合語, 1
肌状況, 複合語, 1
二層式, 複合語, 1
小分けパック, 複合語, 1
メルティタッチ, 名詞, 1
それ以外, 複合語, 1
つくり, 名詞, 1
きっちり, 副詞, 1
２５ｇ, 複合語, 1
最先端コスメ, 複合語, 1
､, 名詞, 1
テ力リ, 複合語, 1
斑, 名詞, 1
コンビ二, 複合語, 1
手ごろ美容部員さん, 複合語, 1
とけこむ, 動詞, 1
ール, 名詞, 1
サプリメント, 名詞, 1
ファンケル派, 複合語, 1
PAとも, 複合語, 1
痕, 名詞, 1
炎症, 名詞, 1
液体状, 複合語, 1
殆ど, 副詞, 1
オーソドックス, 名詞, 1
３か月ごと, 複合語, 1
カーバー, 名詞, 1
こっくり, 副詞, 1
赤みがかる, 動詞, 1
ひきたつ, 動詞, 1
後透明感, 複合語, 1
びがよくてよれない, 名詞, 1
文句, 名詞, 1
何とか, 副詞, 1
ホワイトニング, 名詞, 1
敏感対応, 複合語, 1
ほる, 動詞, 1
整える, 動詞, 1
特別他, 複合語, 1
お徳, 複合語, 1
好き色合い, 複合語, 1
化粧自体, 複合語, 1
五年, 複合語, 1
さリキッド, 複合語, 1
紫外線効果, 複合語, 1
ニキビ肌用, 複合語, 1
エステ先, 複合語, 1
反応, 名詞, 1
半練り状, 複合語, 1
大体, 名詞, 1
30分, 複合語, 1
ふわり, 副詞, 1
良心的, 複合語, 1
いける, 動詞, 1
マル, 名詞, 1
日焼止め効果, 複合語, 1
ミューズ, 名詞, 1
ゾーン, 名詞, 1
リッキドタイプ, 名詞, 1
ワンプッシュ, 複合語, 1
ステキ, 名詞, 1
有名ブランド物, 複合語, 1
彫る, 動詞, 1
友人等, 複合語, 1
一流メーカー, 複合語, 1
ホント, 名詞, 1
定番, 名詞, 1
美容液入りリキッドファンデーション, 複合語, 1
コンディション, 名詞, 1
紫外線カット機能, 複合語, 1
かぶれ, 名詞, 1
タルク, 名詞, 1
単独, 名詞, 1
数年, 複合語, 1
あえて, 副詞, 1
ファンデーション以外, 複合語, 1
ワントーン色白, 複合語, 1
出方, 名詞, 1
踏む, 動詞, 1
人気, 名詞, 1
夏用ファンデーション, 複合語, 1
対象年齢, 複合語, 1
装飾, 名詞, 1
持てる, 動詞, 1
石油系界面活性剤, 複合語, 1
後悔, 名詞, 1
一流ブランド, 複合語, 1
選択肢, 名詞, 1
はぶける, 動詞, 1
ベビー, 名詞, 1
且つ, 副詞, 1
磨く, 動詞, 1
家, 名詞, 1
マット系, 複合語, 1
お化粧のり, 複合語, 1
端正, 名詞, 1
細部, 名詞, 1
テニス得, 複合語, 1
クチコミ, 名詞, 1
リキッドﾌｧﾝﾃﾞｰｼｮﾝ, 名詞, 1
ム, 名詞, 1
できるだけ, 副詞, 1
(肌荒れ, 複合語, 1
のっかる, 動詞, 1
位, 名詞, 1
事前, 名詞, 1
肌艶, 複合語, 1
５年以上, 複合語, 1
リキッド状ファンデーション, 複合語, 1
もしも, 副詞, 1
痛み, 名詞, 1
小皺, 名詞, 1
パクトケース, 名詞, 1
丈夫, 名詞, 1
わりに, 副詞, 1
決まる, 動詞, 1
カワイイ薄つき, 複合語, 1
ファンデーションノつき, 複合語, 1
親しみ, 名詞, 1
かばん, 名詞, 1
湿す, 動詞, 1
加減, 名詞, 1
今はやり, 複合語, 1
治す, 動詞, 1
クリーム上, 複合語, 1
いただく, 動詞, 1
ガサガサ, 名詞, 1
あとＣＭ, 複合語, 1
薄める, 動詞, 1
マキアージュ・・・毛穴, 複合語, 1
二度洗い, 複合語, 1
志向, 名詞, 1
ＤＳ, 名詞, 1
穂, 名詞, 1
色つき, 複合語, 1
ぬくい, 形容詞, 1
外国産, 複合語, 1
不自然さ, 複合語, 1
イエロー系, 複合語, 1
そういう, 連体詞, 1
かわく, 動詞, 1
限り合成成分, 複合語, 1
訳, 名詞, 1
粉ふか, 複合語, 1
シミ等, 複合語, 1
柔らか, 名詞, 1
自然感覚, 複合語, 1
頼む, 動詞, 1
ボディショップブランド, 名詞, 1
むら付き, 複合語, 1
いただきもの, 複合語, 1
点く, 動詞, 1
肌表面, 複合語, 1
パール入り, 複合語, 1
一枚づつ, 複合語, 1
すっぴん, 名詞, 1
ｹｰｷみたい, 複合語, 1
セルフコスメ, 名詞, 1
マットタイプ, 複合語, 1
びがよくて化粧崩れ, 複合語, 1
激安, 複合語, 1
厳しい, 形容詞, 1
メーカーみたい, 複合語, 1
おし, 名詞, 1
購入価格, 複合語, 1
感ずる, 動詞, 1
商品開発, 複合語, 1
白め, 名詞, 1
無駄二乾燥, 複合語, 1
困る, 動詞, 1
話す, 動詞, 1
パールみたい, 複合語, 1
びがよいほかよりてかりにくい, 名詞, 1
ナチュラルカラー, 複合語, 1
輝き, 名詞, 1
クリーム系, 複合語, 1
まもる, 動詞, 1
挑戦, 名詞, 1
ふくむ, 動詞, 1
好き透明感, 複合語, 1
すくう, 動詞, 1
化粧浮, 複合語, 1
生協仕様, 複合語, 1
粉白粉, 複合語, 1
さつい, 名詞, 1
掛ける, 動詞, 1
薄づき好き, 複合語, 1
自分肌, 複合語, 1
ＵＶ対策, 複合語, 1
ミントグリーン, 複合語, 1
膚, 名詞, 1
説明, 名詞, 1
浸透, 名詞, 1
しいて, 副詞, 1
なぜ, 副詞, 1
優秀, 名詞, 1
指定, 名詞, 1
脂ぎる, 動詞, 1
コンパクトサイズ, 複合語, 1
１０数年前, 複合語, 1
テレビＣＭ, 複合語, 1
ジョンアップ, 複合語, 1
買得, 名詞, 1
化粧品会社内, 複合語, 1
耐える, 動詞, 1
クリーミー, 名詞, 1
しろい, 形容詞, 1
ｶﾊﾞｰ, 名詞, 1
酸化剤, 複合語, 1
セブンイレブン, 複合語, 1
異常, 名詞, 1
びがよいしっとりしている, 名詞, 1
２色, 複合語, 1
ジェル, 名詞, 1
ケース等, 複合語, 1
コエンザイム配合, 複合語, 1
元気, 名詞, 1
エリクシール, 複合語, 1
2Way肌, 複合語, 1
びやつきがよくカバー力, 複合語, 1
遜色, 名詞, 1
お買い得価格, 複合語, 1
フタ, 名詞, 1
好き匂い, 複合語, 1
まずは, 接続詞, 1
すみ, 名詞, 1
盛り込む, 動詞, 1
角, 名詞, 1
コンシーらー, 複合語, 1
松嶋菜々子さん, 複合語, 1
ＵＶカット成分, 複合語, 1
7色パール, 複合語, 1
松さん, 複合語, 1
びやつきがよい, 名詞, 1
購入店, 複合語, 1
ととのう, 動詞, 1
ずる, 動詞, 1
２, 名詞, 1
リ, 名詞, 1
ユーヴィーカット, 名詞, 1
♪）ところ, 複合語, 1
色デザイン, 複合語, 1
怖い, 形容詞, 1
引き出す, 動詞, 1
粘土みたい, 複合語, 1
何千円, 複合語, 1
添加, 名詞, 1
リフトゥール, 名詞, 1
安全そう, 複合語, 1
ねっとり, 副詞, 1
オイルカットニキビ, 名詞, 1
一日中化粧, 複合語, 1
すませる, 動詞, 1
絶妙, 名詞, 1
リキッド系, 複合語, 1
GOOD, 名詞, 1
なので, 接続詞, 1
価格仕上がり, 複合語, 1
徹底的, 名詞, 1
らいところ, 複合語, 1
有効, 名詞, 1
ため安心感, 複合語, 1
ok, 名詞, 1
SPF15, 複合語, 1
メイクアップ, 複合語, 1
天然由来成分, 複合語, 1
夏限定, 複合語, 1
化粧品販売, 複合語, 1
ブランド的, 複合語, 1
ほほ, 副詞, 1
振る, 動詞, 1
ストレス, 名詞, 1
どうしても, 副詞, 1
ガード, 名詞, 1
固形パウダー, 複合語, 1
防止効果, 複合語, 1
ノンケミカル, 複合語, 1
ならい, 名詞, 1
わざとらしい, 形容詞, 1
見つける, 動詞, 1
化粧直しパウダー代わり, 複合語, 1
上位, 名詞, 1
一見, 副詞, 1
空気, 名詞, 1
迷う, 動詞, 1
和風, 名詞, 1
デパート, 名詞, 1
エッセンス, 名詞, 1
年代別, 複合語, 1
あと美容液, 複合語, 1
タつき, 複合語, 1
自然的, 複合語, 1
話題性, 複合語, 1
ちがう, 動詞, 1
成る, 動詞, 1
美容室, 複合語, 1
固形クリーム状, 複合語, 1
四季, 名詞, 1
ベト, 名詞, 1
もさっと, 副詞, 1
屋外, 名詞, 1
黄味, 複合語, 1
エイジレス, 名詞, 1
桃井かおり, 複合語, 1
レヴューシリーズ, 名詞, 1
ゅうしました, 名詞, 1
ミルキー, 名詞, 1
ゲル, 名詞, 1
光パウダー, 複合語, 1
お世話, 名詞, 1
超乾燥肌, 複合語, 1
ナチュラル仕上げ伸び, 複合語, 1
日本人向け, 複合語, 1
SPFつき, 複合語, 1
半日, 名詞, 1
最低限, 名詞, 1
かなり, 名詞, 1
デザインＳＰＥ, 複合語, 1
好嫌い, 複合語, 1
人体, 名詞, 1
質感透明感コンパクト, 複合語, 1
癖, 名詞, 1
リサージ, 名詞, 1
ドクターズコスメ, 名詞, 1
漢方, 名詞, 1
化粧後, 複合語, 1
案外, 副詞, 1
材質, 名詞, 1
あと自然, 複合語, 1
買い物, 名詞, 1
ほんのり, 副詞, 1
薄づき感, 複合語, 1
カバー力透明感, 複合語, 1
石油系鉱物油, 複合語, 1
海洋深層水使用, 複合語, 1
薄月つき, 複合語, 1
これから, 副詞, 1
筆, 名詞, 1
いしもち, 名詞, 1
妹, 名詞, 1
かる, 動詞, 1
100%オイルカット, 複合語, 1
形態, 名詞, 1
帰る, 動詞, 1
普通の, 複合語, 1
適量乾燥, 複合語, 1
度, 名詞, 1
下着, 名詞, 1
ぁまぁかえるねだん, 名詞, 1
ところドラッグストア, 複合語, 1
におう, 動詞, 1
夏冬両用, 複合語, 1
カウンセリング, 名詞, 1
多く, 名詞, 1
お手ごろ値段, 複合語, 1
ツッパリ感, 複合語, 1
極め, 名詞, 1
こむ, 動詞, 1
老化, 名詞, 1
uvカット, 複合語, 1
美容部員さん, 複合語, 1
個人配達, 複合語, 1
噴霧, 名詞, 1
鮮やか, 名詞, 1
向く, 動詞, 1
粉末タイプ, 複合語, 1
密着効果, 複合語, 1
ホワイトニング機能, 複合語, 1
周囲, 名詞, 1
どろどろ, 名詞, 1
つくし, 名詞, 1
メイク落とし, 複合語, 1
ファンデー, 複合語, 1
仕上り時間, 複合語, 1
材料, 名詞, 1
オールシーズン共用, 複合語, 1
汗水, 名詞, 1
点UVカット使用, 複合語, 1
オイルフリー処方, 複合語, 1
アレルギーテスト済, 複合語, 1
サービス, 名詞, 1
ブランド全体, 複合語, 1
出具合, 複合語, 1
無, 名詞, 1
以外, 名詞, 1
再利用, 複合語, 1
短い, 形容詞, 1
カネボウ化粧品, 複合語, 1
自然つき, 複合語, 1
ネットショップ, 複合語, 1
高級そう, 複合語, 1
ハイドロキノン誘導体配合, 複合語, 1
クリームファン, 複合語, 1
手抜き, 名詞, 1
冷たい, 形容詞, 1
漢方薬, 名詞, 1
ヒット, 名詞, 1
大変満足, 複合語, 1
難しい, 形容詞, 1
フレッシェル, 名詞, 1
/, 名詞, 1
店舗, 名詞, 1
春, 名詞, 1
それから, 接続詞, 1
カネボウ商品, 複合語, 1
シーズン毎, 複合語, 1
夜, 名詞, 1
UVｶｯﾄ・, 複合語, 1
分優れ, 複合語, 1
ノンコメドジェニック, 名詞, 1
スムースジェルファンデーション, 名詞, 1
安目, 複合語, 1
肌ﾄﾗﾌﾞﾙ, 複合語, 1
つられる, 動詞, 1
一年中, 複合語, 1
ブランドイメージ自体, 複合語, 1
なじみ感, 複合語, 1
塗りたくる, 動詞, 1
為購入, 複合語, 1
カラーコントロール下地, 複合語, 1
見付ける, 動詞, 1
さらに, 副詞, 1
通信信販売, 複合語, 1
コンシーラファンデーション, 名詞, 1
大切, 名詞, 1
カタログ, 名詞, 1
乳児, 名詞, 1
びがよくさっと付き, 複合語, 1
２０００, 複合語, 1
ツーウェイファンデーション, 名詞, 1
合成保存料, 複合語, 1
割合カバー, 複合語, 1
つかる, 動詞, 1
アベンヌ, 名詞, 1
紫外線カット効果, 複合語, 1
おしゃれカワイイ, 複合語, 1
割引率, 複合語, 1
大量, 名詞, 1
綺麗化粧崩れ, 複合語, 1
数, 名詞, 1
エアータッチファンデーション, 名詞, 1
スクワラン配合, 複合語, 1
生活紫外線防止配合, 複合語, 1
ありがたい, 形容詞, 1
皮膚生理学的, 複合語, 1
オイル成分, 複合語, 1
肌浮き, 複合語, 1
方法, 名詞, 1
おなじ, 連体詞, 1
!!!, 名詞, 1
なじみ化粧, 複合語, 1
しんぱい, 名詞, 1
びがよくむらになりにくい, 名詞, 1
混合肌用, 複合語, 1
ＵＶファンディーション, 複合語, 1
メジャー, 名詞, 1
きれいさ, 複合語, 1
確実, 名詞, 1
タール色素, 複合語, 1
どめ効果, 複合語, 1
本来, 名詞, 1
ボトルデザイン, 複合語, 1
下, 名詞, 1
惰性, 名詞, 1
きり, 名詞, 1
づれにくい, 名詞, 1
化粧独特, 複合語, 1
すう, 動詞, 1
尚, 接続詞, 1
づける, 動詞, 1
加藤あいのCM, 複合語, 1
ベージュオークル１１使用中, 複合語, 1
何時, 名詞, 1
ことケース, 複合語, 1
潤い成分, 複合語, 1
ベンリ, 名詞, 1
5500円, 複合語, 1
どんなに, 副詞, 1
悪影響, 名詞, 1
あまり色, 複合語, 1
死ぬ, 動詞, 1
被れる, 動詞, 1
基礎化粧, 複合語, 1
べた付く, 動詞, 1
トリートメント, 名詞, 1
スマート, 名詞, 1
通販化粧品, 複合語, 1
日焼, 複合語, 1
ＵＶ対策値段, 複合語, 1
力強い, 形容詞, 1
カバーリング, 複合語, 1
びがいいいから, 名詞, 1
ケイト, 名詞, 1
皮脂崩れ, 複合語, 1
直ぐに, 副詞, 1
きえる, 動詞, 1
装着, 名詞, 1
shuuemura, 複合語, 1
きちっと, 副詞, 1
不使用安心, 複合語, 1
ファンデーションケース, 複合語, 1
ぁ, 名詞, 1
ＵＶ防止効果, 複合語, 1
紫外線吸収体, 複合語, 1
テカリ・べたつき, 複合語, 1
１０年来, 複合語, 1
保つ, 動詞, 1
美容院, 複合語, 1
ぴったり, 名詞, 1
石けん, 名詞, 1
新作, 名詞, 1
腕, 名詞, 1
水両用タイプ, 複合語, 1
ニュースキン, 複合語, 1
コンパクトガシンプル, 名詞, 1
平ら, 名詞, 1
脂肌, 複合語, 1
落ちつく, 動詞, 1
やわらげる, 動詞, 1
手ごろどこ, 複合語, 1
はっきり, 副詞, 1
ここちよい, 形容詞, 1
跳ね返す, 動詞, 1
段, 名詞, 1
